employee_id,employee_name,department,role,experience_years
EMP-00001,Allison Hill,Project Management,Quality Engineer,20
EMP-00002,Noah Rhodes,Engineering,Planner,26
EMP-00003,Angie Henderson,Project Management,Quality Engineer,7
EMP-00004,Daniel Wagner,Project Management,Quantity Surveyor,30
EMP-00005,Cristian Santos,Construction,Quality Engineer,22
EMP-00006,Connie Lawrence,Supply Chain,Quantity Surveyor,4
EMP-00007,Abigail Shaffer,Supply Chain,Quantity Surveyor,16
EMP-00008,Gina Moore,Finance,Project Manager,28
EMP-00009,Gabrielle Davis,Supply Chain,Data Analyst,13
EMP-00010,Ryan Munoz,Supply Chain,Quantity Surveyor,14
EMP-00011,Monica Herrera,Engineering,Procurement Specialist,3
EMP-00012,Jamie Arnold,Quality,Supervisor,2
EMP-00013,Lisa Hensley,Supply Chain,Supervisor,9
EMP-00014,Michele Williams,Construction,Project Manager,23
EMP-00015,Dylan Miller,Construction,Planner,3
EMP-00016,Brian Ramirez,IT,Quantity Surveyor,27
EMP-00017,Holly Wood,Construction,Supervisor,23
EMP-00018,Derek Zuniga,Procurement,Planner,15
EMP-00019,Lisa Jackson,Engineering,Engineer,17
EMP-00020,Carla Gray,Procurement,Quality Engineer,21
EMP-00021,Margaret Hawkins DDS,IT,Quality Engineer,11
EMP-00022,Patty Perez,IT,Planner,10
EMP-00023,Ethan Adams,IT,Planner,3
EMP-00024,Tommy Walter,Engineering,Supervisor,6
EMP-00025,Matthew Foster,Engineering,Project Manager,21
EMP-00026,Judy Baker,Engineering,Procurement Specialist,7
EMP-00027,Justin Baker,Quality,Quality Engineer,29
EMP-00028,Stephanie Ross,Engineering,Project Manager,25
EMP-00029,Zachary Hicks,Construction,Quality Engineer,3
EMP-00030,Anthony Rodriguez,Finance,Quality Engineer,25
EMP-00031,Rebecca Henderson,Engineering,Supervisor,26
EMP-00032,James Ferrell,Engineering,Manager,9
EMP-00033,Tricia Valencia,Procurement,Quality Engineer,20
EMP-00034,Nathan Maldonado,Procurement,Supervisor,6
EMP-00035,Debra Davidson,Supply Chain,Engineer,24
EMP-00036,Jeffrey Chavez,Supply Chain,Supervisor,20
EMP-00037,Sherri Baker,Engineering,Quality Engineer,9
EMP-00038,Cassandra Gaines,Supply Chain,Data Analyst,14
EMP-00039,Elizabeth Fowler,Quality,Data Analyst,2
EMP-00040,Brittany Farmer,Procurement,Procurement Specialist,4
EMP-00041,Paula Moreno,Engineering,Quality Engineer,20
EMP-00042,Fred Smith,Engineering,Supervisor,17
EMP-00043,Sherry Decker,Project Management,Quality Engineer,18
EMP-00044,Anthony Humphrey,Construction,Data Analyst,17
EMP-00045,Angelica Tucker,Project Management,Data Analyst,24
EMP-00046,Philip Cannon,Finance,Data Analyst,1
EMP-00047,John Pierce,Finance,Planner,30
EMP-00048,Shane Henderson,Procurement,Procurement Specialist,13
EMP-00049,Joshua Blair,IT,Supervisor,2
EMP-00050,Eric Carney,Procurement,Supervisor,2
EMP-00051,Jessica Holmes,Supply Chain,Procurement Specialist,28
EMP-00052,Danny Morgan,Finance,Planner,20
EMP-00053,Crystal Robinson,Procurement,Data Analyst,16
EMP-00054,Mark Perez,Supply Chain,Manager,20
EMP-00055,Shannon Jones,Engineering,Planner,13
EMP-00056,Michael Lewis,Supply Chain,Procurement Specialist,6
EMP-00057,Timothy Duncan,Finance,Engineer,4
EMP-00058,Richard Aguirre,Project Management,Quality Engineer,22
EMP-00059,Brent Jordan,Construction,Quantity Surveyor,22
EMP-00060,John Daniel,Procurement,Manager,16
EMP-00061,Victoria Garcia,IT,Project Manager,15
EMP-00062,Gerald Hensley,Construction,Quantity Surveyor,14
EMP-00063,Connor West,Procurement,Planner,8
EMP-00064,Donald Wright,Finance,Quality Engineer,19
EMP-00065,Jessica Callahan,Quality,Planner,29
EMP-00066,Amber Kidd,Project Management,Planner,4
EMP-00067,Tracy House,Finance,Manager,11
EMP-00068,Carol Tucker,IT,Quantity Surveyor,21
EMP-00069,James Brown,Engineering,Procurement Specialist,23
EMP-00070,William Baker,IT,Procurement Specialist,24
EMP-00071,Jordan Henderson,Finance,Quality Engineer,24
EMP-00072,Whitney Peters,Engineering,Quality Engineer,9
EMP-00073,Brittney Phillips,Project Management,Engineer,14
EMP-00074,Lauren Daniels,IT,Project Manager,14
EMP-00075,Amy Silva,Construction,Project Manager,22
EMP-00076,Sarah Moore,Finance,Supervisor,18
EMP-00077,Angela Lopez,Quality,Project Manager,14
EMP-00078,Megan Young,Supply Chain,Engineer,23
EMP-00079,Steve Sanchez,Engineering,Quality Engineer,20
EMP-00080,Lisa Barnes,Engineering,Procurement Specialist,19
EMP-00081,Kelly Donovan,Procurement,Data Analyst,3
EMP-00082,Mike Allen,Construction,Data Analyst,3
EMP-00083,Michael Evans,Supply Chain,Planner,24
EMP-00084,Paul Jones,Project Management,Project Manager,15
EMP-00085,Zachary Ferrell,Procurement,Procurement Specialist,20
EMP-00086,Daniel Baker,Procurement,Quality Engineer,4
EMP-00087,Shirley Suarez,Procurement,Data Analyst,24
EMP-00088,Christopher Bass,Procurement,Procurement Specialist,28
EMP-00089,Lisa Archer,IT,Data Analyst,14
EMP-00090,Aimee Montoya,Finance,Data Analyst,18
EMP-00091,Matthew Mcmillan,Finance,Engineer,5
EMP-00092,Brian Rodriguez,IT,Planner,15
EMP-00093,Denise Jacobs,Engineering,Supervisor,2
EMP-00094,Christina Walters,Project Management,Procurement Specialist,15
EMP-00095,John Whitehead,Construction,Quantity Surveyor,14
EMP-00096,Anna Henderson,IT,Project Manager,18
EMP-00097,Aaron Wise,Quality,Quantity Surveyor,25
EMP-00098,Deborah Figueroa,Finance,Manager,10
EMP-00099,Jessica Smith,Quality,Quantity Surveyor,26
EMP-00100,Stephen Mckee,Engineering,Procurement Specialist,1
EMP-00101,Sandra Aguilar,Finance,Supervisor,1
EMP-00102,Cameron Parker,IT,Quantity Surveyor,5
EMP-00103,Rebecca Valencia,Finance,Quantity Surveyor,10
EMP-00104,Christine Wright,Project Management,Data Analyst,21
EMP-00105,Richard Henson,Project Management,Procurement Specialist,8
EMP-00106,Marc Moore,Construction,Quality Engineer,22
EMP-00107,Sharon Cherry,IT,Quality Engineer,10
EMP-00108,Sierra Johnson,Project Management,Data Analyst,28
EMP-00109,Evelyn Galvan,IT,Procurement Specialist,8
EMP-00110,Sharon Cochran,Project Management,Project Manager,17
EMP-00111,Richard Rodriguez,Quality,Planner,10
EMP-00112,Shannon Walker,Supply Chain,Quantity Surveyor,25
EMP-00113,Julia Torres,IT,Procurement Specialist,7
EMP-00114,Crystal Johnson,IT,Data Analyst,9
EMP-00115,Garrett Lin,Quality,Quantity Surveyor,28
EMP-00116,Diana May,Finance,Manager,29
EMP-00117,William Herrera,Procurement,Project Manager,16
EMP-00118,Ashley Waller,Project Management,Procurement Specialist,14
EMP-00119,Victor Baker,IT,Manager,5
EMP-00120,Jeffrey Chandler,IT,Engineer,23
EMP-00121,Larry Dixon,Supply Chain,Manager,7
EMP-00122,Kenneth Scott,IT,Project Manager,16
EMP-00123,April Frost,Engineering,Procurement Specialist,1
EMP-00124,Michelle Harmon,Supply Chain,Planner,20
EMP-00125,Helen Jones,Engineering,Planner,27
EMP-00126,Erin Edwards,Project Management,Quality Engineer,23
EMP-00127,Michelle Evans,Engineering,Procurement Specialist,1
EMP-00128,Jason Powell,IT,Manager,8
EMP-00129,Cameron Fisher,Project Management,Project Manager,3
EMP-00130,Megan Orr,Supply Chain,Manager,5
EMP-00131,Elizabeth Kelley,Construction,Project Manager,12
EMP-00132,Dustin Jordan,Quality,Quality Engineer,27
EMP-00133,Mary Marshall,Project Management,Project Manager,9
EMP-00134,Daniel Kennedy,Finance,Manager,24
EMP-00135,Rebecca Jackson,Finance,Manager,15
EMP-00136,Jose Schultz,Quality,Planner,5
EMP-00137,Robert Potter,IT,Engineer,6
EMP-00138,Courtney Gonzalez,Procurement,Procurement Specialist,4
EMP-00139,David Alvarez,Project Management,Quality Engineer,30
EMP-00140,Angel Perry,Project Management,Procurement Specialist,16
EMP-00141,Cheyenne Horton,IT,Quality Engineer,23
EMP-00142,David Douglas Jr.,Quality,Planner,6
EMP-00143,Patricia Rodriguez,Supply Chain,Supervisor,1
EMP-00144,Christopher Rubio,Construction,Engineer,23
EMP-00145,Amber Wright,Supply Chain,Project Manager,14
EMP-00146,Joyce Solis,Project Management,Data Analyst,28
EMP-00147,Victoria Larson,Project Management,Planner,30
EMP-00148,Stephanie Salazar,Finance,Project Manager,15
EMP-00149,Kathy Rivas,Quality,Data Analyst,10
EMP-00150,Stephanie Manning,IT,Quantity Surveyor,9
EMP-00151,David Wright,IT,Manager,15
EMP-00152,Pamela Boyd,Project Management,Data Analyst,17
EMP-00153,Denise Jones,Procurement,Data Analyst,26
EMP-00154,Devon Flores,Project Management,Quality Engineer,5
EMP-00155,Brenda Hall,Construction,Planner,1
EMP-00156,Michelle Brown,IT,Project Manager,18
EMP-00157,Joshua Perry,Procurement,Manager,23
EMP-00158,Jason Stein,Supply Chain,Planner,15
EMP-00159,Melissa Gates,Construction,Supervisor,26
EMP-00160,Jamie Smith,Project Management,Data Analyst,4
EMP-00161,Paul Castaneda,Finance,Supervisor,8
EMP-00162,Jennifer Adkins,Supply Chain,Quantity Surveyor,7
EMP-00163,Lindsey Walker,Finance,Quantity Surveyor,23
EMP-00164,Jeffrey Johnson,Quality,Manager,27
EMP-00165,Michael Powell,Supply Chain,Data Analyst,9
EMP-00166,John Anderson,Engineering,Project Manager,12
EMP-00167,Alyssa Long,IT,Planner,4
EMP-00168,Alyssa Day,Construction,Manager,27
EMP-00169,Joel Williams,Finance,Quantity Surveyor,16
EMP-00170,Daniel Murphy,Procurement,Procurement Specialist,8
EMP-00171,Jamie Walton,IT,Quality Engineer,26
EMP-00172,Darlene Miller,Supply Chain,Manager,4
EMP-00173,Joshua Cooke,IT,Engineer,15
EMP-00174,Matthew Harrington,Quality,Planner,5
EMP-00175,Nicole Herring,Procurement,Supervisor,10
EMP-00176,Alex Hernandez,Finance,Manager,5
EMP-00177,Michael Elliott,IT,Manager,18
EMP-00178,Michael Wang,Procurement,Project Manager,9
EMP-00179,Lawrence Adkins,Quality,Project Manager,14
EMP-00180,Robert Oconnell,Project Management,Quantity Surveyor,1
EMP-00181,Alexander Collins,Construction,Engineer,6
EMP-00182,Tina Sanders,Procurement,Supervisor,2
EMP-00183,Angela Vaughn,Engineering,Data Analyst,16
EMP-00184,Ashley Barton,Construction,Supervisor,12
EMP-00185,Lindsay Martinez,Supply Chain,Procurement Specialist,30
EMP-00186,Dr. Hannah Patterson,Quality,Quality Engineer,27
EMP-00187,Jonathan Peterson,Supply Chain,Supervisor,17
EMP-00188,Samantha Garcia,Project Management,Quantity Surveyor,6
EMP-00189,Madison Poole,IT,Procurement Specialist,7
EMP-00190,Jessica Gross,Procurement,Data Analyst,18
EMP-00191,Debra Morton,IT,Planner,9
EMP-00192,Karen Graham,Project Management,Engineer,12
EMP-00193,Debra Christian,IT,Quantity Surveyor,27
EMP-00194,Angelica Keith,Project Management,Engineer,26
EMP-00195,John Bishop,Project Management,Engineer,13
EMP-00196,Allen Rosales,IT,Quality Engineer,3
EMP-00197,Daniel Salinas,Supply Chain,Supervisor,25
EMP-00198,Spencer Haynes,IT,Procurement Specialist,30
EMP-00199,Adam Vaughan,Finance,Supervisor,18
EMP-00200,Nathan Freeman,Supply Chain,Data Analyst,20
EMP-00201,Melissa Brewer,Quality,Supervisor,23
EMP-00202,Ricky Davis II,Procurement,Supervisor,17
EMP-00203,Elizabeth Perkins,Finance,Quantity Surveyor,30
EMP-00204,Joseph Coleman,Supply Chain,Supervisor,14
EMP-00205,Erin Warner,Supply Chain,Planner,21
EMP-00206,David Martinez,Construction,Procurement Specialist,8
EMP-00207,Bryan Herrera,Project Management,Project Manager,14
EMP-00208,Cathy Robinson,Engineering,Project Manager,13
EMP-00209,Dr. William Warren,Quality,Procurement Specialist,11
EMP-00210,Brian Lee,Finance,Quantity Surveyor,11
EMP-00211,Christopher Smith,Construction,Procurement Specialist,14
EMP-00212,Denise Mccann,Engineering,Project Manager,21
EMP-00213,Melissa Martinez,Procurement,Procurement Specialist,24
EMP-00214,Katherine Salas,IT,Quality Engineer,28
EMP-00215,Julie Alexander,Supply Chain,Quantity Surveyor,24
EMP-00216,Anthony Everett,Finance,Quantity Surveyor,17
EMP-00217,Rodney Morales,IT,Supervisor,15
EMP-00218,Mark Brown,Construction,Project Manager,25
EMP-00219,Justin Torres,Quality,Quantity Surveyor,23
EMP-00220,Bailey Duran DDS,Construction,Engineer,9
EMP-00221,Courtney Mills,Procurement,Quality Engineer,2
EMP-00222,Jeremy Dalton,Procurement,Data Analyst,21
EMP-00223,Elizabeth Oliver DDS,Quality,Supervisor,28
EMP-00224,Theresa Clark,Procurement,Manager,19
EMP-00225,Matthew Moore,Construction,Engineer,19
EMP-00226,Benjamin Smith,Construction,Data Analyst,3
EMP-00227,Kirk Carter,Quality,Manager,22
EMP-00228,Michael Warner,Procurement,Manager,29
EMP-00229,Michael Bradshaw,Procurement,Supervisor,13
EMP-00230,Lori Guerrero,Quality,Quantity Surveyor,24
EMP-00231,Jessica Stephens,IT,Supervisor,28
EMP-00232,Susan Serrano,IT,Engineer,8
EMP-00233,Christopher Parker,Construction,Data Analyst,2
EMP-00234,Laura Roberts,Project Management,Quantity Surveyor,19
EMP-00235,Michael Lyons,Procurement,Project Manager,4
EMP-00236,Kathryn Snyder,Quality,Engineer,18
EMP-00237,Andrew Reynolds,Engineering,Quantity Surveyor,21
EMP-00238,David Davis,Quality,Quality Engineer,23
EMP-00239,Sara Johnston,IT,Supervisor,16
EMP-00240,Yvonne Chambers,Engineering,Procurement Specialist,18
EMP-00241,Andrew Avila,Procurement,Manager,26
EMP-00242,Matthew Moon,Project Management,Supervisor,4
EMP-00243,Kevin Walters,Construction,Engineer,15
EMP-00244,Brandon Bailey MD,Construction,Quality Engineer,13
EMP-00245,Shannon Rivera,IT,Quality Engineer,7
EMP-00246,Donna Landry,Construction,Quality Engineer,11
EMP-00247,Krista Gibson,Construction,Manager,25
EMP-00248,Frank Cordova,Supply Chain,Data Analyst,9
EMP-00249,Jose Travis,Supply Chain,Planner,16
EMP-00250,Kimberly Gutierrez,Finance,Procurement Specialist,5
EMP-00251,Isaiah Avila,IT,Project Manager,3
EMP-00252,Olivia Harris,IT,Quantity Surveyor,14
EMP-00253,Tanya Kim,Construction,Planner,4
EMP-00254,Barbara Dudley,Construction,Project Manager,17
EMP-00255,Cynthia Moore,IT,Manager,11
EMP-00256,Kristen Davis,Supply Chain,Data Analyst,15
EMP-00257,Susan Murray MD,Procurement,Planner,20
EMP-00258,Kathleen Moran,IT,Engineer,22
EMP-00259,Denise Davenport,Supply Chain,Manager,13
EMP-00260,Mrs. Kristen Reyes,Project Management,Procurement Specialist,26
EMP-00261,Katie Suarez,IT,Data Analyst,4
EMP-00262,Desiree Tyler,Project Management,Quantity Surveyor,18
EMP-00263,Timothy Romero,Project Management,Quality Engineer,17
EMP-00264,Diane Evans,Project Management,Engineer,14
EMP-00265,Yvonne Burns,Construction,Supervisor,13
EMP-00266,Joshua Reed,Finance,Manager,14
EMP-00267,Kimberly Gibson,Finance,Planner,1
EMP-00268,Colin Terry,Finance,Quantity Surveyor,28
EMP-00269,Cynthia Rowe,Construction,Supervisor,17
EMP-00270,Patrick Thornton,Project Management,Planner,30
EMP-00271,Jasmin Alvarado,Project Management,Supervisor,21
EMP-00272,Veronica Simpson,Finance,Supervisor,26
EMP-00273,Jonathan Lawrence,Project Management,Engineer,20
EMP-00274,Shelly Alexander,IT,Engineer,20
EMP-00275,Joyce Bowen,Procurement,Data Analyst,19
EMP-00276,Matthew Moore,Project Management,Quality Engineer,27
EMP-00277,Wayne Morgan,Supply Chain,Engineer,8
EMP-00278,Marie Christian,Procurement,Quantity Surveyor,5
EMP-00279,Shannon James,Supply Chain,Quality Engineer,25
EMP-00280,Nathan Malone,Procurement,Engineer,28
EMP-00281,Amanda Jones,Finance,Data Analyst,28
EMP-00282,Tammie Bright,Project Management,Engineer,1
EMP-00283,Jessica Garcia,Procurement,Engineer,25
EMP-00284,Shelia Wallace,Quality,Manager,25
EMP-00285,Stephanie Williams,IT,Procurement Specialist,9
EMP-00286,Elaine Brooks,Supply Chain,Procurement Specialist,2
EMP-00287,Joseph Knight,Construction,Supervisor,30
EMP-00288,Carolyn Miller,IT,Project Manager,24
EMP-00289,Lisa Allen,Supply Chain,Quality Engineer,25
EMP-00290,Briana Murray,Supply Chain,Quantity Surveyor,2
EMP-00291,David Smith,Engineering,Project Manager,4
EMP-00292,Stephanie Byrd,Project Management,Quality Engineer,16
EMP-00293,Jeremy Reed,Quality,Quality Engineer,17
EMP-00294,Margaret Coleman,Construction,Engineer,26
EMP-00295,Ryan Gonzalez,Engineering,Project Manager,25
EMP-00296,John Young,Construction,Engineer,6
EMP-00297,Laura Haney,Project Management,Procurement Specialist,3
EMP-00298,William Barrett,Construction,Quantity Surveyor,30
EMP-00299,Keith Jennings,Construction,Data Analyst,16
EMP-00300,Amber Obrien,Project Management,Engineer,19
EMP-00301,Tanner Mitchell DDS,Project Management,Engineer,7
EMP-00302,Heather Fields,IT,Quantity Surveyor,22
EMP-00303,Megan Le,Engineering,Project Manager,12
EMP-00304,Sara Fuller,Project Management,Quality Engineer,6
EMP-00305,Maria Parker,Engineering,Manager,18
EMP-00306,Kevin Oconnor,Engineering,Quantity Surveyor,24
EMP-00307,Edward Burgess,Finance,Data Analyst,27
EMP-00308,Carlos Ryan,Quality,Quantity Surveyor,5
EMP-00309,Kiara Mcintyre,Procurement,Manager,17
EMP-00310,Dawn Summers,Finance,Planner,18
EMP-00311,Dr. Paul Morgan,Quality,Quality Engineer,8
EMP-00312,Victor Taylor,Construction,Planner,29
EMP-00313,Shannon Ramsey,Procurement,Project Manager,14
EMP-00314,Tracy Ballard,Quality,Quality Engineer,13
EMP-00315,Richard Smith,IT,Quantity Surveyor,4
EMP-00316,Jordan Chambers,Project Management,Manager,5
EMP-00317,Lauren Carson,IT,Procurement Specialist,3
EMP-00318,Ashley Hall,Finance,Data Analyst,13
EMP-00319,Stephen Hoffman,Supply Chain,Data Analyst,13
EMP-00320,Connie Brown,Construction,Manager,13
EMP-00321,Susan Turner,Procurement,Planner,26
EMP-00322,Charles Shah,Procurement,Manager,18
EMP-00323,Johnathan Davis,Quality,Procurement Specialist,28
EMP-00324,Brandy Chavez,Project Management,Procurement Specialist,13
EMP-00325,Natalie Bautista,Engineering,Quantity Surveyor,5
EMP-00326,Patrick Moore,Procurement,Engineer,18
EMP-00327,Brett Burns,Finance,Data Analyst,18
EMP-00328,Trevor Johnson,Construction,Quantity Surveyor,20
EMP-00329,Jeremy Sampson,Quality,Data Analyst,19
EMP-00330,Ariana Jennings,Finance,Procurement Specialist,24
EMP-00331,Vanessa Howard,Finance,Quantity Surveyor,6
EMP-00332,Colton Martinez,Engineering,Quantity Surveyor,19
EMP-00333,Jordan Bates,Quality,Planner,29
EMP-00334,Linda Smith,Quality,Supervisor,23
EMP-00335,Dana Martinez,Quality,Supervisor,4
EMP-00336,Andrea Hubbard,IT,Supervisor,16
EMP-00337,Daniel Kane,Construction,Quantity Surveyor,9
EMP-00338,Charles Lester,Supply Chain,Procurement Specialist,10
EMP-00339,Scott Thomas,Quality,Supervisor,12
EMP-00340,David Thompson,Engineering,Engineer,4
EMP-00341,Allison Smith,Project Management,Engineer,27
EMP-00342,Cynthia Morris,Supply Chain,Supervisor,2
EMP-00343,Anthony Harmon,Project Management,Procurement Specialist,17
EMP-00344,Nichole Alvarez,Finance,Quantity Surveyor,6
EMP-00345,Kayla Rodriguez,Construction,Procurement Specialist,2
EMP-00346,Theresa Williams,Construction,Manager,1
EMP-00347,Sharon Boyd,Engineering,Supervisor,22
EMP-00348,Victor Brown,Supply Chain,Planner,12
EMP-00349,James Parks,Construction,Project Manager,8
EMP-00350,Theodore Jones Jr.,Quality,Quality Engineer,4
EMP-00351,Ana Hill,Quality,Planner,16
EMP-00352,Kimberly Nguyen,IT,Engineer,30
EMP-00353,Kerry Chavez DDS,Engineering,Quality Engineer,13
EMP-00354,Michael Farrell,Finance,Quality Engineer,21
EMP-00355,Patricia Le,Procurement,Quality Engineer,23
EMP-00356,Jesse Perez,Engineering,Manager,20
EMP-00357,Jesse Perry,Finance,Engineer,21
EMP-00358,Jeffery Ortega,Procurement,Quality Engineer,16
EMP-00359,Christian Leblanc,Engineering,Project Manager,22
EMP-00360,Ronald Davis,Procurement,Planner,26
EMP-00361,Parker Cain,IT,Manager,29
EMP-00362,Laurie Hoffman,Quality,Project Manager,26
EMP-00363,Bryan Gomez,Supply Chain,Manager,20
EMP-00364,Nicole Parrish,Procurement,Quantity Surveyor,14
EMP-00365,Tracy Burke,Supply Chain,Planner,10
EMP-00366,Kenneth Lewis,Project Management,Supervisor,23
EMP-00367,Courtney Rodriguez,Project Management,Planner,15
EMP-00368,Holly Farmer,Engineering,Manager,5
EMP-00369,Renee Bruce,Finance,Project Manager,8
EMP-00370,Sabrina Austin,IT,Manager,2
EMP-00371,Allison Hickman,Construction,Procurement Specialist,6
EMP-00372,Debra White,Finance,Project Manager,15
EMP-00373,Ellen Morgan,IT,Data Analyst,22
EMP-00374,Sergio Knight,Engineering,Engineer,3
EMP-00375,Charles Schultz,Finance,Procurement Specialist,26
EMP-00376,Paul Lewis,Supply Chain,Supervisor,20
EMP-00377,Glen Wood,Quality,Data Analyst,13
EMP-00378,Paula Bradley,Construction,Supervisor,23
EMP-00379,Anthony Moore,Quality,Engineer,22
EMP-00380,Megan Nelson,Finance,Quality Engineer,17
EMP-00381,Karla Ramos,IT,Planner,28
EMP-00382,Paul Wilson,Supply Chain,Procurement Specialist,15
EMP-00383,Douglas Gregory,Quality,Quality Engineer,21
EMP-00384,Mr. Andrew Foster,Supply Chain,Planner,16
EMP-00385,Aimee Turner,Engineering,Manager,10
EMP-00386,Chad Scott,Quality,Project Manager,26
EMP-00387,Adam Burgess,Engineering,Planner,18
EMP-00388,James Padilla,Engineering,Supervisor,16
EMP-00389,Sandra Drake,Quality,Engineer,1
EMP-00390,Scott Williams,Engineering,Manager,28
EMP-00391,Thomas Atkins,Construction,Data Analyst,12
EMP-00392,Laura Mckinney,Procurement,Engineer,11
EMP-00393,Brian Smith,Finance,Project Manager,8
EMP-00394,Robert Montgomery,Project Management,Data Analyst,28
EMP-00395,Tamara Davis,Construction,Quantity Surveyor,13
EMP-00396,Dana Chapman,Finance,Project Manager,18
EMP-00397,Jennifer Collins,Quality,Engineer,13
EMP-00398,Gary Jackson,Finance,Project Manager,22
EMP-00399,Ashley Hicks,Quality,Data Analyst,22
EMP-00400,Hannah Luna,IT,Supervisor,19
EMP-00401,Robin Young,IT,Quantity Surveyor,30
EMP-00402,Craig Morrison,Supply Chain,Data Analyst,28
EMP-00403,Mary Thompson,Quality,Quality Engineer,9
EMP-00404,Kathleen Webster,IT,Data Analyst,24
EMP-00405,Joann Glass,Engineering,Supervisor,3
EMP-00406,Madison Weber,Project Management,Quantity Surveyor,22
EMP-00407,Lori Hernandez,Supply Chain,Planner,20
EMP-00408,Jeremy Turner,Quality,Manager,20
EMP-00409,Anthony Romero,Engineering,Manager,4
EMP-00410,Jesse Brown,IT,Project Manager,9
EMP-00411,Angela Lin,Supply Chain,Quality Engineer,30
EMP-00412,Lisa Hunter,Construction,Data Analyst,11
EMP-00413,Julian Conner,Project Management,Project Manager,9
EMP-00414,Joanna Pacheco,Project Management,Quantity Surveyor,24
EMP-00415,Erica Alvarez,IT,Quantity Surveyor,27
EMP-00416,Antonio Garcia,IT,Supervisor,14
EMP-00417,Gwendolyn Klein,Finance,Manager,8
EMP-00418,Carrie Wright,Engineering,Engineer,24
EMP-00419,Jeffrey Mills,Construction,Engineer,7
EMP-00420,Jake Campbell,Quality,Quantity Surveyor,25
EMP-00421,George Harper,Finance,Manager,14
EMP-00422,Maria Jones,Supply Chain,Procurement Specialist,2
EMP-00423,Michael Mitchell,Project Management,Planner,29
EMP-00424,Mary Escobar,Project Management,Planner,4
EMP-00425,Felicia Aguilar,IT,Quality Engineer,23
EMP-00426,Gregory Ponce,Construction,Data Analyst,24
EMP-00427,Jenna Larson,Project Management,Supervisor,23
EMP-00428,Emily Bennett,Construction,Planner,25
EMP-00429,Robin Santiago,Engineering,Engineer,28
EMP-00430,Nancy Jennings,Procurement,Engineer,19
EMP-00431,Maria Henderson,Procurement,Supervisor,14
EMP-00432,Jack White,Project Management,Manager,16
EMP-00433,Travis Tucker,Finance,Quality Engineer,16
EMP-00434,Chad Jones,Project Management,Quality Engineer,13
EMP-00435,Ashley Wise,Construction,Manager,19
EMP-00436,Sophia Johnson,Construction,Procurement Specialist,8
EMP-00437,Ralph Anderson,Engineering,Supervisor,16
EMP-00438,Christopher Guerra,Finance,Supervisor,26
EMP-00439,Rhonda Martin,IT,Procurement Specialist,22
EMP-00440,Jason Rhodes,Quality,Quantity Surveyor,12
EMP-00441,Jeremy Mitchell,Project Management,Procurement Specialist,17
EMP-00442,Joann Ferguson,IT,Supervisor,6
EMP-00443,Robert Harrison,Construction,Engineer,21
EMP-00444,Holly Valentine,Finance,Quantity Surveyor,22
EMP-00445,Mrs. Diane Reyes,Engineering,Supervisor,17
EMP-00446,Tracy Montoya,IT,Data Analyst,9
EMP-00447,Brenda Wright,Supply Chain,Planner,17
EMP-00448,Shelly Spencer,Procurement,Project Manager,18
EMP-00449,Ryan Rosales,Procurement,Manager,26
EMP-00450,Phillip Nelson,Construction,Quality Engineer,18
EMP-00451,Brittany Kim,Project Management,Planner,15
EMP-00452,Courtney Hayes,IT,Project Manager,15
EMP-00453,Alexander Brown,Finance,Project Manager,4
EMP-00454,Cynthia Vang,Finance,Engineer,3
EMP-00455,Alfred Galvan,Finance,Project Manager,17
EMP-00456,Marie Moody,Project Management,Procurement Specialist,14
EMP-00457,Dustin Gallegos,IT,Data Analyst,27
EMP-00458,Brenda Thornton,Finance,Quantity Surveyor,13
EMP-00459,Aaron Miller,IT,Manager,29
EMP-00460,Ruben Dunn,Supply Chain,Quantity Surveyor,17
EMP-00461,Kelsey Rodriguez,IT,Procurement Specialist,11
EMP-00462,Eric Williams,IT,Planner,8
EMP-00463,Riley Bryant,Quality,Procurement Specialist,27
EMP-00464,Taylor Carlson,IT,Procurement Specialist,16
EMP-00465,Jose Allen,IT,Quality Engineer,7
EMP-00466,Jeffrey Mendez,Quality,Data Analyst,20
EMP-00467,Jason Beck,Project Management,Procurement Specialist,26
EMP-00468,William Jones,Procurement,Procurement Specialist,10
EMP-00469,Katie Mcneil,Procurement,Project Manager,11
EMP-00470,Jeanette Harrison,Supply Chain,Engineer,9
EMP-00471,Veronica King,Project Management,Data Analyst,8
EMP-00472,Richard Cooper,Supply Chain,Data Analyst,24
EMP-00473,Lori Ingram,Construction,Planner,26
EMP-00474,Evelyn Williams,Engineering,Manager,30
EMP-00475,Robin Thompson,Quality,Quality Engineer,8
EMP-00476,Julie Dominguez,Supply Chain,Quality Engineer,28
EMP-00477,Robin Brown,Finance,Supervisor,15
EMP-00478,Judith Carter,Procurement,Project Manager,17
EMP-00479,Curtis Williams,Finance,Engineer,13
EMP-00480,Kaylee Hays,Construction,Procurement Specialist,29
EMP-00481,Dawn Mullins,Supply Chain,Quantity Surveyor,29
EMP-00482,Howard Norman,Engineering,Project Manager,2
EMP-00483,Evelyn Martinez,IT,Manager,23
EMP-00484,Steve Paul,Project Management,Procurement Specialist,2
EMP-00485,Jasmine Beltran,Project Management,Procurement Specialist,18
EMP-00486,Jonathan Glass MD,Project Management,Manager,14
EMP-00487,Monica Miller,Finance,Quantity Surveyor,24
EMP-00488,Samantha Gardner,Finance,Engineer,2
EMP-00489,Bobby Guerrero,Supply Chain,Project Manager,20
EMP-00490,Lance Simmons,Engineering,Quality Engineer,2
EMP-00491,Heather Williams,IT,Quality Engineer,14
EMP-00492,Heather Bolton,Procurement,Manager,10
EMP-00493,William Gould,Engineering,Planner,7
EMP-00494,Mark Cox,Engineering,Project Manager,1
EMP-00495,Meghan Cisneros,Finance,Project Manager,13
EMP-00496,Lawrence Harrington,Supply Chain,Project Manager,1
EMP-00497,Austin Osborne,Project Management,Quantity Surveyor,9
EMP-00498,James Bradley,Engineering,Engineer,10
EMP-00499,Meghan Rush,Engineering,Planner,17
EMP-00500,Phillip Berry,Supply Chain,Quantity Surveyor,26
EMP-00501,Jennifer Banks,Quality,Procurement Specialist,7
EMP-00502,Brian Fitzgerald,Finance,Data Analyst,8
EMP-00503,Mr. Justin Green III,IT,Quantity Surveyor,26
EMP-00504,Zachary Mitchell,Construction,Planner,7
EMP-00505,Katherine Martinez,Construction,Procurement Specialist,8
EMP-00506,Jodi Roach,IT,Quantity Surveyor,2
EMP-00507,Brandon Fleming,Engineering,Quantity Surveyor,26
EMP-00508,Emma Reed,Construction,Project Manager,5
EMP-00509,Joshua Vance,Quality,Engineer,10
EMP-00510,Michelle Ho,Procurement,Engineer,28
EMP-00511,Rebecca Hicks,Project Management,Engineer,28
EMP-00512,Curtis Taylor,Procurement,Supervisor,1
EMP-00513,Allison Spencer,Procurement,Engineer,22
EMP-00514,Robert Arnold,Quality,Quantity Surveyor,8
EMP-00515,Angelica Parker,Project Management,Data Analyst,7
EMP-00516,Dr. Kelly Hammond DVM,Quality,Quality Engineer,26
EMP-00517,William Day,Engineering,Engineer,9
EMP-00518,Michael Cooper,Supply Chain,Quantity Surveyor,19
EMP-00519,Penny Bowman,Engineering,Project Manager,27
EMP-00520,Vincent Reynolds,Supply Chain,Manager,26
EMP-00521,Amy Martinez,Finance,Procurement Specialist,8
EMP-00522,Christopher Morris,IT,Data Analyst,14
EMP-00523,Hannah Everett,IT,Data Analyst,28
EMP-00524,Sarah King,IT,Engineer,11
EMP-00525,Krista Martinez,Construction,Supervisor,5
EMP-00526,Joseph Shaw,Finance,Quantity Surveyor,24
EMP-00527,Todd Moore,Project Management,Data Analyst,9
EMP-00528,Michelle Jacobs,Procurement,Quantity Surveyor,13
EMP-00529,Kristy Bryan,Construction,Procurement Specialist,25
EMP-00530,Angel May,Project Management,Supervisor,1
EMP-00531,Marilyn Wang,Construction,Planner,12
EMP-00532,Mark Jimenez,Project Management,Quality Engineer,5
EMP-00533,Donna Frye,Construction,Quality Engineer,26
EMP-00534,Dr. Michael Evans,Construction,Procurement Specialist,23
EMP-00535,Anthony Gonzales,Supply Chain,Procurement Specialist,4
EMP-00536,Mr. Lawrence Edwards,IT,Project Manager,18
EMP-00537,Morgan Valencia,Procurement,Project Manager,24
EMP-00538,Bianca Wood,Procurement,Quality Engineer,21
EMP-00539,Emma Owens,Project Management,Project Manager,24
EMP-00540,David Davis,Quality,Project Manager,30
EMP-00541,James Gilbert,Finance,Engineer,28
EMP-00542,Sean Moore,Project Management,Quantity Surveyor,30
EMP-00543,Kenneth Edwards,Quality,Data Analyst,12
EMP-00544,Kathleen Robertson,Procurement,Data Analyst,27
EMP-00545,Mr. Alexander Landry MD,Project Management,Supervisor,13
EMP-00546,Cindy Gomez,Quality,Project Manager,19
EMP-00547,Johnny Khan,Procurement,Procurement Specialist,22
EMP-00548,Julie Herrera,Project Management,Quantity Surveyor,18
EMP-00549,Jessica Khan,Procurement,Procurement Specialist,11
EMP-00550,Pamela Diaz,Construction,Manager,26
EMP-00551,Kelly Lee,Procurement,Engineer,2
EMP-00552,Angel Gordon,Quality,Project Manager,7
EMP-00553,Diana Hays,Supply Chain,Supervisor,26
EMP-00554,Barbara Hester,Finance,Data Analyst,19
EMP-00555,Robert Morgan,Procurement,Quantity Surveyor,16
EMP-00556,Nicole Gonzalez,Engineering,Quality Engineer,21
EMP-00557,Kathryn Williams,Quality,Quality Engineer,23
EMP-00558,Gary Wells,Quality,Procurement Specialist,23
EMP-00559,Larry Robertson,Construction,Manager,5
EMP-00560,Louis Martin,Engineering,Manager,16
EMP-00561,Nancy Evans MD,IT,Engineer,2
EMP-00562,Kim Erickson,Supply Chain,Planner,16
EMP-00563,Robert Richardson,Engineering,Planner,29
EMP-00564,Veronica Silva,Project Management,Quality Engineer,27
EMP-00565,Molly Watts,Construction,Planner,5
EMP-00566,John Coffey,Construction,Quantity Surveyor,5
EMP-00567,Paula Lane,Finance,Manager,8
EMP-00568,Lauren Jackson,Procurement,Quality Engineer,6
EMP-00569,Lisa Randall,IT,Supervisor,30
EMP-00570,Michael Johnson,IT,Procurement Specialist,7
EMP-00571,Ashley Smith,Finance,Quantity Surveyor,27
EMP-00572,Christian Vaughn,Construction,Data Analyst,27
EMP-00573,Reginald Knapp,Construction,Planner,13
EMP-00574,Nancy Brown,Quality,Engineer,23
EMP-00575,Daniel Nguyen,Construction,Quality Engineer,17
EMP-00576,Kelly Edwards,Supply Chain,Manager,18
EMP-00577,Thomas Peterson,Engineering,Engineer,24
EMP-00578,Raymond Le,IT,Quality Engineer,26
EMP-00579,Melissa Bishop,Supply Chain,Supervisor,16
EMP-00580,David Grant,Project Management,Engineer,7
EMP-00581,William Evans,Engineering,Quality Engineer,14
EMP-00582,Daniel Bush,Project Management,Project Manager,30
EMP-00583,Gregory Peck,IT,Planner,25
EMP-00584,Denise Martinez,Construction,Manager,27
EMP-00585,Jamie Baird,Construction,Planner,19
EMP-00586,Tina Ballard,Finance,Planner,19
EMP-00587,Dwayne Klein,Quality,Data Analyst,12
EMP-00588,Jeremy Scott,Engineering,Engineer,19
EMP-00589,Dale Ryan,Quality,Manager,16
EMP-00590,Melissa Taylor,Engineering,Engineer,6
EMP-00591,Laurie Sanchez,Finance,Planner,11
EMP-00592,Kiara Little,Engineering,Quality Engineer,4
EMP-00593,Jason Love,Finance,Project Manager,10
EMP-00594,Randy Smith,Construction,Engineer,11
EMP-00595,Tanya Russell,Project Management,Manager,22
EMP-00596,Sherry Woods,Procurement,Project Manager,3
EMP-00597,Victor Morris,Engineering,Quality Engineer,18
EMP-00598,Susan Davis,IT,Planner,9
EMP-00599,Kimberly Sharp,Engineering,Project Manager,30
EMP-00600,Susan Thompson,Procurement,Quantity Surveyor,16
EMP-00601,Casey Gillespie,Project Management,Quantity Surveyor,14
EMP-00602,Jennifer Simpson DVM,Finance,Project Manager,2
EMP-00603,Tammy Mcdowell,Project Management,Quantity Surveyor,3
EMP-00604,Keith Rodriguez,IT,Procurement Specialist,20
EMP-00605,Mrs. Virginia Daniels,Construction,Quantity Surveyor,27
EMP-00606,Todd Rosales MD,Project Management,Procurement Specialist,8
EMP-00607,Brian Martin,Procurement,Procurement Specialist,10
EMP-00608,David Lopez,Supply Chain,Procurement Specialist,27
EMP-00609,Rachel Bradley,Supply Chain,Manager,4
EMP-00610,Casey Chase,IT,Data Analyst,30
EMP-00611,Samantha Robertson,Finance,Manager,18
EMP-00612,Michael Lopez,Project Management,Planner,5
EMP-00613,Franklin Wright,IT,Procurement Specialist,7
EMP-00614,David Molina,Quality,Planner,3
EMP-00615,Elizabeth Sharp,Supply Chain,Supervisor,23
EMP-00616,Matthew Schwartz,Quality,Planner,17
EMP-00617,Bryan Parker,Quality,Project Manager,3
EMP-00618,Jonathan Jacobson,Finance,Quantity Surveyor,5
EMP-00619,Emily Wilson,Project Management,Supervisor,12
EMP-00620,Elizabeth Mendez,Quality,Quantity Surveyor,23
EMP-00621,Casey Hernandez,Construction,Procurement Specialist,26
EMP-00622,Lisa Perry,Finance,Supervisor,13
EMP-00623,Kaitlin Medina,Project Management,Quality Engineer,1
EMP-00624,Colleen Wright,Supply Chain,Engineer,7
EMP-00625,Shelley Miller,Quality,Manager,13
EMP-00626,Michael Miller,Project Management,Procurement Specialist,27
EMP-00627,Amy Kelley,Construction,Engineer,12
EMP-00628,Laura Hernandez,Finance,Project Manager,26
EMP-00629,Joseph Wilson,Quality,Project Manager,20
EMP-00630,Kevin Davis,Engineering,Engineer,14
EMP-00631,Rhonda Chavez,Procurement,Procurement Specialist,27
EMP-00632,Joyce Brown,Construction,Project Manager,26
EMP-00633,Robert Cummings,Quality,Supervisor,23
EMP-00634,Robert Reese,Finance,Quantity Surveyor,16
EMP-00635,Amber Cooper,Construction,Procurement Specialist,10
EMP-00636,Zachary Michael,Procurement,Procurement Specialist,5
EMP-00637,Timothy Johnson,Project Management,Manager,3
EMP-00638,Randy Cannon,IT,Engineer,24
EMP-00639,Maria Fisher,Finance,Quantity Surveyor,9
EMP-00640,Janet Kane DVM,Engineering,Quantity Surveyor,16
EMP-00641,Michael Stanley,Engineering,Quantity Surveyor,25
EMP-00642,Martha Bailey,Engineering,Planner,4
EMP-00643,Joshua Rice,Finance,Project Manager,6
EMP-00644,Courtney Smith,IT,Engineer,15
EMP-00645,Edwin Nunez,Supply Chain,Manager,5
EMP-00646,Kim Morrow,Procurement,Planner,17
EMP-00647,Gregory Hill,IT,Project Manager,5
EMP-00648,Molly Rodriguez,Finance,Supervisor,1
EMP-00649,Jennifer Miranda,Engineering,Project Manager,5
EMP-00650,Alexis Harris,IT,Engineer,10
EMP-00651,Andrew Harper,IT,Data Analyst,3
EMP-00652,Amber Yang,Engineering,Manager,13
EMP-00653,David Robinson,Quality,Quantity Surveyor,20
EMP-00654,Amy Gordon,Procurement,Supervisor,30
EMP-00655,Robert Dennis,Procurement,Supervisor,25
EMP-00656,Kyle Chambers,Construction,Planner,15
EMP-00657,Eric Thomas,Supply Chain,Project Manager,25
EMP-00658,Connie Turner,IT,Quality Engineer,11
EMP-00659,Travis Hobbs,Quality,Engineer,28
EMP-00660,Lori Simmons,Finance,Engineer,24
EMP-00661,William David DDS,Construction,Data Analyst,2
EMP-00662,Emma Butler,Supply Chain,Data Analyst,24
EMP-00663,James Webster,Supply Chain,Project Manager,7
EMP-00664,Samuel Turner,IT,Quantity Surveyor,14
EMP-00665,Renee Melendez,Finance,Data Analyst,23
EMP-00666,Tracy Grant,Project Management,Quantity Surveyor,30
EMP-00667,David Harris,Finance,Procurement Specialist,27
EMP-00668,Tammy Boone,Project Management,Planner,14
EMP-00669,Nathaniel Lee,Supply Chain,Project Manager,14
EMP-00670,Michael Morrison,Procurement,Supervisor,19
EMP-00671,Chelsea Gill,Engineering,Planner,5
EMP-00672,Kristin Mendoza,IT,Data Analyst,10
EMP-00673,Felicia Krueger,Engineering,Quality Engineer,22
EMP-00674,Timothy Hayden,Engineering,Procurement Specialist,20
EMP-00675,Zachary Mendoza,Construction,Data Analyst,3
EMP-00676,Larry Harris,Engineering,Data Analyst,29
EMP-00677,Kristen Rowe,Quality,Planner,17
EMP-00678,Joseph Howard,Procurement,Engineer,21
EMP-00679,Jose Crawford,IT,Supervisor,18
EMP-00680,William Harrison,Project Management,Manager,14
EMP-00681,Suzanne Wood,Finance,Manager,23
EMP-00682,Justin Walker,Construction,Procurement Specialist,30
EMP-00683,Dean Donovan,Engineering,Quantity Surveyor,23
EMP-00684,Jennifer Hernandez,Construction,Project Manager,10
EMP-00685,James Whitaker,Finance,Manager,22
EMP-00686,Mr. Michael Scott PhD,Finance,Quality Engineer,23
EMP-00687,Maria Henry,Engineering,Planner,27
EMP-00688,Robert Jackson,Quality,Project Manager,22
EMP-00689,Katherine Stark,Quality,Quantity Surveyor,22
EMP-00690,Maria Brown,IT,Procurement Specialist,13
EMP-00691,Ryan Landry,Procurement,Data Analyst,13
EMP-00692,Pamela Gutierrez,Finance,Quality Engineer,13
EMP-00693,Crystal Mann,Engineering,Planner,8
EMP-00694,Jonathan Brooks,Procurement,Supervisor,3
EMP-00695,Mary Jensen,Finance,Quality Engineer,4
EMP-00696,Mr. Aaron Arnold,Construction,Quality Engineer,20
EMP-00697,Joseph Hill,Finance,Engineer,27
EMP-00698,Alicia Li,Finance,Supervisor,6
EMP-00699,Renee Browning,Procurement,Supervisor,29
EMP-00700,Brent Hernandez,Supply Chain,Quality Engineer,8
EMP-00701,Joseph Ochoa,IT,Quality Engineer,6
EMP-00702,James Watson,Procurement,Supervisor,9
EMP-00703,Karl Branch,Supply Chain,Project Manager,9
EMP-00704,Michael Abbott,Finance,Procurement Specialist,21
EMP-00705,Shannon Malone,IT,Manager,23
EMP-00706,James Tran,Procurement,Manager,17
EMP-00707,Adam Jackson,Quality,Quality Engineer,24
EMP-00708,Mr. Richard Knight PhD,IT,Data Analyst,19
EMP-00709,Joseph Williams,Construction,Procurement Specialist,10
EMP-00710,Sean Clay,Construction,Engineer,10
EMP-00711,Anthony Jones,Construction,Manager,16
EMP-00712,Stephanie Elliott,Engineering,Planner,21
EMP-00713,Timothy Edwards,Quality,Engineer,17
EMP-00714,Laurie Goodwin,Engineering,Quality Engineer,27
EMP-00715,Jennifer Jones,IT,Data Analyst,11
EMP-00716,David Davenport,Engineering,Project Manager,29
EMP-00717,Steven Rivera,Supply Chain,Supervisor,10
EMP-00718,Brenda Hinton,Finance,Supervisor,17
EMP-00719,Kathryn Mccann,Construction,Quantity Surveyor,14
EMP-00720,Jeffrey Roberson,Construction,Supervisor,11
EMP-00721,Randy Friedman,Supply Chain,Procurement Specialist,13
EMP-00722,Raymond Johnson,IT,Manager,28
EMP-00723,Willie Henry,Finance,Supervisor,29
EMP-00724,Todd Reynolds,IT,Engineer,23
EMP-00725,Mary Miller,IT,Quality Engineer,7
EMP-00726,Rebecca Marquez,Supply Chain,Engineer,15
EMP-00727,Christian Dawson,Construction,Quantity Surveyor,21
EMP-00728,Nancy Stewart,Procurement,Data Analyst,20
EMP-00729,Aaron Parker,Construction,Procurement Specialist,10
EMP-00730,Derrick Anderson,Finance,Quantity Surveyor,18
EMP-00731,Jerry Peters,Finance,Planner,9
EMP-00732,Alexander Gomez,Procurement,Data Analyst,25
EMP-00733,Kyle Nguyen,Finance,Supervisor,18
EMP-00734,Edgar Hughes,Procurement,Planner,1
EMP-00735,Steven Stein,Project Management,Planner,14
EMP-00736,Laura Jackson,Supply Chain,Project Manager,26
EMP-00737,Charles Turner,Procurement,Project Manager,21
EMP-00738,Arthur Hamilton MD,Supply Chain,Data Analyst,4
EMP-00739,Mr. David Wright,Project Management,Planner,14
EMP-00740,Linda Gonzalez,IT,Procurement Specialist,6
EMP-00741,Eric Rush,IT,Project Manager,1
EMP-00742,Manuel Brock,Engineering,Planner,19
EMP-00743,George Ochoa,IT,Manager,9
EMP-00744,Valerie Taylor,IT,Data Analyst,3
EMP-00745,Travis Harris,IT,Project Manager,18
EMP-00746,Vincent Novak,Supply Chain,Procurement Specialist,9
EMP-00747,Michael Henry,Engineering,Supervisor,7
EMP-00748,Dana Bennett,Construction,Quantity Surveyor,4
EMP-00749,Jenna Wilson,Construction,Supervisor,18
EMP-00750,Leslie Gardner,Procurement,Project Manager,13
EMP-00751,Krista Benton,Quality,Quantity Surveyor,8
EMP-00752,Michael Gonzales,Quality,Procurement Specialist,21
EMP-00753,Michael Fuentes,Supply Chain,Data Analyst,1
EMP-00754,Jennifer Porter,IT,Engineer,30
EMP-00755,Dana Hopkins,Project Management,Quantity Surveyor,4
EMP-00756,Rachel Jones,Project Management,Quality Engineer,22
EMP-00757,Karen Morales DDS,Project Management,Manager,10
EMP-00758,Melissa Stephens,Finance,Procurement Specialist,14
EMP-00759,Heather Woodard,Procurement,Planner,7
EMP-00760,Margaret Miller,Project Management,Planner,21
EMP-00761,Mary Kelly,Supply Chain,Planner,10
EMP-00762,Amanda Terrell,Supply Chain,Quality Engineer,25
EMP-00763,Jennifer Goodwin,IT,Supervisor,29
EMP-00764,Jessica Smith,Engineering,Planner,10
EMP-00765,Jorge Stone,Procurement,Quality Engineer,22
EMP-00766,Laura Griffin,Supply Chain,Project Manager,15
EMP-00767,Raymond Chapman,Procurement,Manager,9
EMP-00768,Haley Johnson,Procurement,Data Analyst,27
EMP-00769,Jason Nixon,IT,Engineer,10
EMP-00770,Todd Thomas,Procurement,Procurement Specialist,17
EMP-00771,Jesse Clark,Finance,Engineer,16
EMP-00772,Mr. Jeffrey Horton,Project Management,Procurement Specialist,1
EMP-00773,Eric Patrick,Project Management,Planner,26
EMP-00774,Samuel Wong,Supply Chain,Engineer,2
EMP-00775,Carly Riggs,Finance,Data Analyst,23
EMP-00776,Christopher Moore,Supply Chain,Planner,6
EMP-00777,Tina Hall,Project Management,Project Manager,2
EMP-00778,Cody Davidson,Supply Chain,Procurement Specialist,25
EMP-00779,Allen Mendez,Quality,Quantity Surveyor,14
EMP-00780,Kevin Price,Supply Chain,Engineer,3
EMP-00781,Christine Goodwin,Engineering,Planner,17
EMP-00782,Amy Garcia,Construction,Data Analyst,8
EMP-00783,Chelsea Nguyen,Finance,Quality Engineer,7
EMP-00784,Dennis Huffman,Quality,Quantity Surveyor,23
EMP-00785,Margaret Harper,Construction,Quantity Surveyor,10
EMP-00786,Laurie Bailey,Finance,Planner,7
EMP-00787,Lisa Cervantes,Construction,Project Manager,20
EMP-00788,Elizabeth Mendez,Supply Chain,Manager,4
EMP-00789,Cesar Wilson,Supply Chain,Engineer,11
EMP-00790,Clayton Steele,Procurement,Project Manager,6
EMP-00791,Jennifer Taylor,Project Management,Supervisor,2
EMP-00792,Cody Reid,Engineering,Quality Engineer,30
EMP-00793,Maria Cooke,Supply Chain,Project Manager,30
EMP-00794,Katherine Taylor,Construction,Project Manager,14
EMP-00795,Jerry Brown,IT,Planner,6
EMP-00796,Adam Taylor,IT,Manager,30
EMP-00797,Tracey Wagner,IT,Supervisor,14
EMP-00798,Michael Perry PhD,Procurement,Data Analyst,7
EMP-00799,Bradley Johnson DDS,Engineering,Data Analyst,29
EMP-00800,Donald Medina,Finance,Procurement Specialist,23
EMP-00801,Jim Newton,Project Management,Data Analyst,23
EMP-00802,Krista Wilson,Quality,Planner,25
EMP-00803,Reginald Morrow,Finance,Quality Engineer,14
EMP-00804,Rodney Williams,Project Management,Quantity Surveyor,2
EMP-00805,Kimberly Fritz,IT,Data Analyst,12
EMP-00806,Ronald Potter,Engineering,Data Analyst,8
EMP-00807,Zachary Cole,Finance,Planner,8
EMP-00808,Robert Gonzales,Supply Chain,Engineer,25
EMP-00809,Patricia Young PhD,Finance,Data Analyst,5
EMP-00810,Heather Page,Engineering,Quality Engineer,9
EMP-00811,Carol Taylor,Procurement,Quantity Surveyor,5
EMP-00812,Daniel Brown,Finance,Quantity Surveyor,17
EMP-00813,Douglas Ryan,Construction,Quality Engineer,26
EMP-00814,Michael Roberts,Project Management,Planner,1
EMP-00815,Scott Duke,Project Management,Project Manager,18
EMP-00816,Anna Estes,IT,Quality Engineer,20
EMP-00817,Tamara Riddle,Supply Chain,Project Manager,26
EMP-00818,Beth Cline,IT,Engineer,15
EMP-00819,Michael Poole,Supply Chain,Quantity Surveyor,26
EMP-00820,Megan Burns,IT,Quantity Surveyor,2
EMP-00821,Debra Perry,Finance,Project Manager,15
EMP-00822,Mark Beard,Quality,Quantity Surveyor,6
EMP-00823,Jose Ramirez,Finance,Quality Engineer,1
EMP-00824,Jackie Clements,Procurement,Manager,3
EMP-00825,Aaron Schroeder,Engineering,Project Manager,4
EMP-00826,Monica Ellis,Engineering,Quantity Surveyor,6
EMP-00827,Heather Brown,Project Management,Project Manager,20
EMP-00828,Claudia Jordan,Supply Chain,Project Manager,10
EMP-00829,Derrick Clayton,Finance,Planner,8
EMP-00830,Kenneth Knight,Project Management,Quantity Surveyor,11
EMP-00831,Mr. Michael Williams,Finance,Procurement Specialist,28
EMP-00832,Richard Stevens,Quality,Planner,7
EMP-00833,Scott Alexander,Supply Chain,Supervisor,1
EMP-00834,Tyler Harris,IT,Quality Engineer,3
EMP-00835,Bonnie Santos,Supply Chain,Engineer,2
EMP-00836,Timothy Hill,Project Management,Quantity Surveyor,19
EMP-00837,Danielle Watson,Engineering,Project Manager,6
EMP-00838,Carol Sanders,Supply Chain,Manager,23
EMP-00839,Michael Young,Project Management,Supervisor,21
EMP-00840,Michele Smith,Quality,Project Manager,30
EMP-00841,Casey Perez,Engineering,Engineer,7
EMP-00842,Alexandra Dominguez,Engineering,Engineer,10
EMP-00843,Virginia Henderson,Engineering,Manager,3
EMP-00844,Benjamin Reyes,Quality,Manager,25
EMP-00845,Ashley Edwards,IT,Project Manager,25
EMP-00846,Breanna Ayala,IT,Procurement Specialist,15
EMP-00847,Brandi Haney,Quality,Quantity Surveyor,9
EMP-00848,Joseph Smith,IT,Manager,12
EMP-00849,Jessica Bowen,Supply Chain,Planner,24
EMP-00850,Brittany Jenkins,Quality,Quantity Surveyor,4
EMP-00851,Shannon Miller,Construction,Procurement Specialist,7
EMP-00852,Paul Lawrence,Procurement,Manager,4
EMP-00853,Victor Edwards,Supply Chain,Supervisor,1
EMP-00854,Donald Miller,Quality,Data Analyst,11
EMP-00855,Lindsay Lawson,Construction,Planner,14
EMP-00856,Melissa Abbott,Engineering,Supervisor,19
EMP-00857,Elizabeth Holmes,Engineering,Manager,25
EMP-00858,Nicole Phillips,IT,Quality Engineer,12
EMP-00859,Steven Blevins,Supply Chain,Procurement Specialist,9
EMP-00860,Brian Porter MD,Engineering,Manager,18
EMP-00861,Vanessa Hatfield,Engineering,Quantity Surveyor,9
EMP-00862,Bonnie Valencia,Construction,Planner,17
EMP-00863,Holly Vega,Finance,Procurement Specialist,30
EMP-00864,Tiffany Townsend,Finance,Engineer,12
EMP-00865,Austin Baker,Quality,Engineer,10
EMP-00866,Antonio Mccormick,Procurement,Quantity Surveyor,22
EMP-00867,Lori Mason,IT,Planner,26
EMP-00868,Michael Miller,Procurement,Supervisor,17
EMP-00869,Lisa Ramirez,Supply Chain,Quality Engineer,16
EMP-00870,Jorge Harris,Finance,Quantity Surveyor,25
EMP-00871,Kimberly Myers,IT,Manager,6
EMP-00872,Sandra Becker,Quality,Engineer,21
EMP-00873,Michael Blair,IT,Engineer,20
EMP-00874,Amy Miller,IT,Supervisor,12
EMP-00875,Jesse Lynch,Project Management,Manager,28
EMP-00876,Patrick Yang,Quality,Manager,1
EMP-00877,Michael Miles,Quality,Engineer,29
EMP-00878,Troy Mills,Construction,Manager,17
EMP-00879,Michelle Jackson,Project Management,Engineer,11
EMP-00880,Richard Adams,Construction,Project Manager,26
EMP-00881,Patricia Johnson,Procurement,Quantity Surveyor,7
EMP-00882,Denise Brown,Engineering,Quantity Surveyor,1
EMP-00883,Laura Jones,Quality,Supervisor,29
EMP-00884,Ian Porter,Finance,Supervisor,27
EMP-00885,Holly Scott,IT,Planner,26
EMP-00886,Kenneth Sharp,Quality,Engineer,9
EMP-00887,Jordan Williams,Construction,Project Manager,14
EMP-00888,Dana Ruiz,Supply Chain,Project Manager,15
EMP-00889,Chris Velazquez,Procurement,Quantity Surveyor,8
EMP-00890,Kristen Sloan,IT,Engineer,29
EMP-00891,Jennifer Morris,Supply Chain,Supervisor,26
EMP-00892,Nathan Nelson,Procurement,Manager,18
EMP-00893,Jake Shaw,IT,Supervisor,18
EMP-00894,Cassie Brock,Finance,Project Manager,4
EMP-00895,Dr. Andrea Marshall,Engineering,Supervisor,16
EMP-00896,Ryan Murphy,Engineering,Procurement Specialist,17
EMP-00897,Aimee Gonzalez,Construction,Manager,22
EMP-00898,Elizabeth Dean,Quality,Manager,13
EMP-00899,Kevin Snyder,IT,Planner,4
EMP-00900,Christie Mccullough,Engineering,Project Manager,4
EMP-00901,Danielle Smith,IT,Supervisor,7
EMP-00902,David Reed,Supply Chain,Engineer,9
EMP-00903,Sherry Tapia,Construction,Procurement Specialist,22
EMP-00904,Matthew Sweeney,Supply Chain,Engineer,1
EMP-00905,Ashley Moreno,IT,Quantity Surveyor,16
EMP-00906,Johnathan Brown,Engineering,Planner,21
EMP-00907,Michelle Davis DVM,Quality,Project Manager,19
EMP-00908,Kelly Haynes,Construction,Project Manager,12
EMP-00909,William Miller,Supply Chain,Data Analyst,5
EMP-00910,Casey Wilkins,Project Management,Data Analyst,14
EMP-00911,Keith Graham,IT,Quantity Surveyor,28
EMP-00912,Cynthia Green,Procurement,Quantity Surveyor,5
EMP-00913,Robert Haynes,Quality,Project Manager,15
EMP-00914,Emily Nelson,Finance,Project Manager,3
EMP-00915,Dale Chan,Quality,Manager,6
EMP-00916,Brittney Martin,Engineering,Procurement Specialist,25
EMP-00917,Jason Herrera,Engineering,Manager,8
EMP-00918,Christine Parker,Project Management,Data Analyst,20
EMP-00919,Bryan Moore,IT,Supervisor,27
EMP-00920,Samantha Terry,Construction,Planner,13
EMP-00921,Russell Murphy,Procurement,Planner,11
EMP-00922,David Kelly,Project Management,Project Manager,17
EMP-00923,Megan Green,Finance,Manager,15
EMP-00924,Amanda Sullivan MD,IT,Data Analyst,2
EMP-00925,Danielle Murray,Procurement,Quality Engineer,17
EMP-00926,Brenda Smith,Finance,Quantity Surveyor,28
EMP-00927,Vickie Anderson,Engineering,Engineer,10
EMP-00928,Jacqueline Mccoy,IT,Quality Engineer,26
EMP-00929,Lauren Green,IT,Project Manager,9
EMP-00930,Alison Brown,Project Management,Engineer,26
EMP-00931,Jill Anderson,IT,Project Manager,22
EMP-00932,Sandra Rivera,Quality,Engineer,28
EMP-00933,Joel Jackson,Supply Chain,Data Analyst,22
EMP-00934,Samantha Foster,Engineering,Supervisor,14
EMP-00935,Michael Thompson,IT,Engineer,6
EMP-00936,Cody Ramirez,IT,Procurement Specialist,10
EMP-00937,Amanda Harvey,Supply Chain,Project Manager,16
EMP-00938,Edward Jenkins,Finance,Project Manager,29
EMP-00939,Amy Ramirez,Procurement,Engineer,21
EMP-00940,Curtis Wilkerson,Supply Chain,Project Manager,22
EMP-00941,Lydia Pham,Quality,Supervisor,4
EMP-00942,Virginia Casey,IT,Data Analyst,26
EMP-00943,Joshua Washington,Finance,Manager,19
EMP-00944,Kathryn Price,Procurement,Manager,24
EMP-00945,Francis Robinson,Finance,Quantity Surveyor,12
EMP-00946,Paula Brown,Quality,Manager,27
EMP-00947,Kendra Wang DVM,Procurement,Manager,14
EMP-00948,Ariel Sandoval,Construction,Quality Engineer,15
EMP-00949,Robert Stark,Engineering,Quantity Surveyor,26
EMP-00950,Zachary Robinson,Engineering,Procurement Specialist,11
EMP-00951,Rebecca Kelly,Procurement,Planner,4
EMP-00952,Sarah Thompson,Project Management,Quality Engineer,3
EMP-00953,Renee Wolfe,Quality,Supervisor,22
EMP-00954,Alyssa Haynes,Engineering,Project Manager,28
EMP-00955,Kristy Hart,Supply Chain,Data Analyst,3
EMP-00956,William Keith,Project Management,Procurement Specialist,5
EMP-00957,Eric Henry Jr.,Supply Chain,Project Manager,9
EMP-00958,Daniel Fox,IT,Supervisor,7
EMP-00959,Thomas Harris,Engineering,Quantity Surveyor,20
EMP-00960,Mitchell Sellers,IT,Supervisor,30
EMP-00961,Erica Johnson,Project Management,Procurement Specialist,17
EMP-00962,Sylvia Schroeder,Project Management,Planner,5
EMP-00963,Shannon Yu,IT,Engineer,5
EMP-00964,Tom Foster,Procurement,Project Manager,18
EMP-00965,Eric Taylor,Finance,Manager,8
EMP-00966,Travis Conner,Quality,Data Analyst,19
EMP-00967,Marie Thompson,Supply Chain,Project Manager,16
EMP-00968,Melissa Mcfarland,Supply Chain,Supervisor,19
EMP-00969,Courtney Chapman,Construction,Supervisor,19
EMP-00970,Eric Barker,IT,Project Manager,11
EMP-00971,Nicholas Rush,Project Management,Engineer,15
EMP-00972,Jenna Gamble,Procurement,Planner,14
EMP-00973,Amanda Guzman,Quality,Manager,26
EMP-00974,Tracy Walker,Engineering,Procurement Specialist,24
EMP-00975,Taylor Taylor,Project Management,Quantity Surveyor,13
EMP-00976,Cynthia Haas,Procurement,Data Analyst,10
EMP-00977,Stephen Davis,Procurement,Data Analyst,6
EMP-00978,Margaret Tanner,Construction,Project Manager,14
EMP-00979,Derek Wright,Supply Chain,Procurement Specialist,24
EMP-00980,David Rodriguez,Construction,Manager,6
EMP-00981,James Oconnor,Construction,Manager,23
EMP-00982,Stacey Snyder,Procurement,Supervisor,4
EMP-00983,Joshua Garcia,Quality,Quantity Surveyor,16
EMP-00984,Sean Curtis,Quality,Engineer,16
EMP-00985,Carla Jones,IT,Planner,9
EMP-00986,Elizabeth Flores,IT,Engineer,15
EMP-00987,Angela Jackson,Quality,Quantity Surveyor,28
EMP-00988,Nicholas Payne,Engineering,Manager,3
EMP-00989,Anna Wheeler,Construction,Data Analyst,8
EMP-00990,Karen Johnson,Procurement,Quality Engineer,20
EMP-00991,Carmen Preston,Quality,Engineer,18
EMP-00992,Brian Harris,IT,Engineer,15
EMP-00993,Michael Bowen,Engineering,Manager,9
EMP-00994,Deborah Campbell,Engineering,Quality Engineer,2
EMP-00995,Anthony Armstrong,Supply Chain,Supervisor,22
EMP-00996,Brittany Ward,Construction,Quality Engineer,24
EMP-00997,Edward Stanley,IT,Planner,14
EMP-00998,Christina Johnson,Construction,Project Manager,26
EMP-00999,Edgar Miller,Supply Chain,Data Analyst,10
EMP-01000,Elizabeth Sanders,Finance,Planner,20
EMP-01001,Matthew Davis MD,Supply Chain,Quality Engineer,28
EMP-01002,Stephen Wood,IT,Quality Engineer,12
EMP-01003,Dennis Marshall,Quality,Planner,19
EMP-01004,Derrick Brown,Supply Chain,Planner,16
EMP-01005,Mary Miller,Project Management,Quality Engineer,15
EMP-01006,Joshua Arellano,Engineering,Quantity Surveyor,7
EMP-01007,Kristen Randall,Quality,Quality Engineer,11
EMP-01008,Jennifer Nichols,Procurement,Planner,6
EMP-01009,Karen Keith,Finance,Data Analyst,4
EMP-01010,Blake Orr,Construction,Procurement Specialist,27
EMP-01011,Kathryn Lester,Construction,Procurement Specialist,17
EMP-01012,Megan Oliver,Project Management,Engineer,29
EMP-01013,Peter Thompson,Supply Chain,Project Manager,9
EMP-01014,Dr. Rhonda Martinez,Procurement,Planner,9
EMP-01015,William Graham,Finance,Quantity Surveyor,6
EMP-01016,Lori Flowers MD,IT,Quality Engineer,23
EMP-01017,Suzanne Jones,Procurement,Quality Engineer,26
EMP-01018,James Nguyen,Procurement,Quality Engineer,11
EMP-01019,Jimmy Marks,Supply Chain,Quantity Surveyor,25
EMP-01020,Lisa Mills,Procurement,Planner,9
EMP-01021,Jason Hernandez,Procurement,Procurement Specialist,12
EMP-01022,Olivia Ayers,Procurement,Quality Engineer,17
EMP-01023,Kristine Garcia,Supply Chain,Quality Engineer,5
EMP-01024,Joseph Cooper,Project Management,Planner,15
EMP-01025,James Washington,Procurement,Supervisor,18
EMP-01026,Amanda Hill,Construction,Engineer,25
EMP-01027,Lee Steele,Procurement,Quantity Surveyor,14
EMP-01028,Steve Rivera,Supply Chain,Procurement Specialist,8
EMP-01029,Patrick Mccall,Finance,Planner,6
EMP-01030,Alicia Roth,Procurement,Procurement Specialist,15
EMP-01031,Douglas Vasquez,Finance,Planner,22
EMP-01032,Annette Melton,Procurement,Manager,23
EMP-01033,William Ramos,Procurement,Procurement Specialist,6
EMP-01034,Debra Butler,Finance,Planner,4
EMP-01035,Chelsea Lewis,Project Management,Planner,22
EMP-01036,Natalie Malone,Finance,Supervisor,12
EMP-01037,Samantha Robertson,IT,Procurement Specialist,17
EMP-01038,Eric Hunter,Supply Chain,Engineer,28
EMP-01039,Samuel Suarez,Finance,Quantity Surveyor,19
EMP-01040,Corey Whitaker,Construction,Engineer,27
EMP-01041,Danielle Bryant,Quality,Manager,15
EMP-01042,Michele Hill,Quality,Planner,27
EMP-01043,Kathy Reid,Supply Chain,Manager,16
EMP-01044,Andre Watson,Supply Chain,Planner,14
EMP-01045,Cassandra Harrell,Supply Chain,Engineer,22
EMP-01046,Hannah Martin,Project Management,Data Analyst,15
EMP-01047,Nicole Barker,Engineering,Quantity Surveyor,15
EMP-01048,James Martin,Engineering,Quantity Surveyor,18
EMP-01049,Traci Vincent,Supply Chain,Quantity Surveyor,20
EMP-01050,Megan Adams,Supply Chain,Manager,4
EMP-01051,Alejandro Deleon,Construction,Procurement Specialist,6
EMP-01052,Alexa Buck,Supply Chain,Engineer,26
EMP-01053,Lindsay Smith,Supply Chain,Manager,21
EMP-01054,Robert Torres,Supply Chain,Project Manager,27
EMP-01055,Maria Coleman,Procurement,Procurement Specialist,4
EMP-01056,Gregory King,Engineering,Quality Engineer,9
EMP-01057,Michael Holloway,Supply Chain,Data Analyst,19
EMP-01058,Brian Hunt,IT,Planner,11
EMP-01059,Sarah Brooks,IT,Data Analyst,19
EMP-01060,Lisa Evans,Finance,Project Manager,6
EMP-01061,Arthur Mcneil,Procurement,Project Manager,23
EMP-01062,Shannon Green,Project Management,Data Analyst,29
EMP-01063,Stephanie Evans,Supply Chain,Planner,2
EMP-01064,Ralph Yoder,Supply Chain,Engineer,21
EMP-01065,Rebekah Greene,Construction,Project Manager,23
EMP-01066,Melanie Griffith,Procurement,Procurement Specialist,25
EMP-01067,Yolanda Green,IT,Procurement Specialist,28
EMP-01068,James Johnson,IT,Quality Engineer,5
EMP-01069,Laura Lee,Finance,Quality Engineer,30
EMP-01070,Courtney Nichols,Supply Chain,Planner,8
EMP-01071,Susan Powers,IT,Procurement Specialist,11
EMP-01072,Sarah Pittman,IT,Data Analyst,8
EMP-01073,Catherine Davis,Project Management,Planner,30
EMP-01074,David Stokes,Engineering,Quality Engineer,8
EMP-01075,Catherine Frazier,Supply Chain,Quality Engineer,19
EMP-01076,Brandon Kelly,Supply Chain,Data Analyst,12
EMP-01077,Elizabeth French,Construction,Supervisor,26
EMP-01078,David Carter,Procurement,Quality Engineer,1
EMP-01079,Julie Delacruz,Quality,Data Analyst,11
EMP-01080,Terry Jones,IT,Supervisor,2
EMP-01081,Kathryn Dillon,Procurement,Project Manager,27
EMP-01082,Edwin Brown,Quality,Quality Engineer,25
EMP-01083,Brenda Gonzalez,Supply Chain,Engineer,5
EMP-01084,Keith Knox,Engineering,Planner,23
EMP-01085,Eugene Baldwin,Procurement,Planner,8
EMP-01086,Katherine Welch,Procurement,Project Manager,6
EMP-01087,Mark Smith,Quality,Planner,14
EMP-01088,Philip Jackson,Engineering,Quality Engineer,26
EMP-01089,Katherine Gallagher,Quality,Data Analyst,23
EMP-01090,Lucas Schultz,Construction,Project Manager,30
EMP-01091,Vincent Reyes,Procurement,Planner,20
EMP-01092,Curtis Watson,Engineering,Procurement Specialist,28
EMP-01093,Frank Whitaker,Project Management,Procurement Specialist,30
EMP-01094,Michael Sims,Construction,Engineer,23
EMP-01095,Michael Cooper,IT,Engineer,13
EMP-01096,James Chapman,Engineering,Project Manager,7
EMP-01097,Rodney Evans,Procurement,Project Manager,13
EMP-01098,Nicholas Carlson,Engineering,Procurement Specialist,9
EMP-01099,Stephen Cowan,Procurement,Supervisor,7
EMP-01100,Steven Howard,IT,Quantity Surveyor,25
EMP-01101,Travis Hull,Construction,Procurement Specialist,19
EMP-01102,Darryl Acosta,Finance,Project Manager,8
EMP-01103,Nicholas Lawrence,Finance,Project Manager,1
EMP-01104,Jacob Santos,IT,Quantity Surveyor,13
EMP-01105,Shawn Scott,IT,Procurement Specialist,13
EMP-01106,Amber Vang,Supply Chain,Data Analyst,12
EMP-01107,Martha Smith,Finance,Engineer,3
EMP-01108,Jennifer James,Procurement,Supervisor,20
EMP-01109,Kara Hernandez,Engineering,Supervisor,5
EMP-01110,Lorraine Turner,Procurement,Planner,28
EMP-01111,Mary Nelson,Quality,Supervisor,8
EMP-01112,Breanna Rivas,Supply Chain,Engineer,7
EMP-01113,Nathan Wilson,Quality,Engineer,26
EMP-01114,Brian Gonzalez,Supply Chain,Quantity Surveyor,10
EMP-01115,Dennis Mills,Project Management,Data Analyst,17
EMP-01116,Michael Phillips,Supply Chain,Data Analyst,4
EMP-01117,Jon Clark,Project Management,Supervisor,5
EMP-01118,Erin Smith,IT,Engineer,22
EMP-01119,Susan Conley,IT,Planner,2
EMP-01120,Brittany Davis,IT,Project Manager,16
EMP-01121,Misty Garcia,IT,Quality Engineer,2
EMP-01122,David Hinton,Supply Chain,Project Manager,23
EMP-01123,John Garcia,Quality,Procurement Specialist,13
EMP-01124,Andrew Roberts,Project Management,Manager,8
EMP-01125,Emily Rodgers,Finance,Quantity Surveyor,21
EMP-01126,Peter Williams,Quality,Quantity Surveyor,18
EMP-01127,Mary Jackson,Supply Chain,Planner,25
EMP-01128,Jeffrey Howell,Supply Chain,Manager,28
EMP-01129,Anna Briggs,Supply Chain,Procurement Specialist,24
EMP-01130,James Rivers,Construction,Procurement Specialist,21
EMP-01131,James Jefferson,Finance,Quantity Surveyor,24
EMP-01132,Mariah Robles,Procurement,Planner,24
EMP-01133,Michael Brown,Engineering,Manager,1
EMP-01134,Caitlin Perry,Construction,Supervisor,28
EMP-01135,Rebekah Gregory,Procurement,Manager,12
EMP-01136,James Howard,Finance,Planner,20
EMP-01137,Michael Roberson,Construction,Quantity Surveyor,3
EMP-01138,Bianca Knapp,IT,Project Manager,3
EMP-01139,Jason Williams,Quality,Planner,19
EMP-01140,Ernest Bush,IT,Engineer,9
EMP-01141,Patricia Ray,Quality,Supervisor,19
EMP-01142,Vanessa Santiago,Engineering,Data Analyst,30
EMP-01143,Joseph Haynes,Engineering,Supervisor,24
EMP-01144,Matthew Wright,Finance,Procurement Specialist,24
EMP-01145,Michael Cruz,Procurement,Planner,8
EMP-01146,Kristin Huerta,Quality,Procurement Specialist,20
EMP-01147,Mason Moore,IT,Supervisor,29
EMP-01148,Sarah Booth,Project Management,Quantity Surveyor,7
EMP-01149,John Allen,IT,Quality Engineer,10
EMP-01150,Amber Walker,Quality,Data Analyst,15
EMP-01151,Jennifer Young,Engineering,Engineer,14
EMP-01152,Robert West,Finance,Supervisor,26
EMP-01153,Jillian Wilson,Supply Chain,Engineer,26
EMP-01154,Matthew Garcia MD,Engineering,Planner,29
EMP-01155,April Davis,Supply Chain,Engineer,11
EMP-01156,Lisa Torres,Construction,Quantity Surveyor,8
EMP-01157,Christine Powers,Quality,Supervisor,7
EMP-01158,Heidi Brown,Construction,Quality Engineer,27
EMP-01159,Jesse Castro,Finance,Project Manager,17
EMP-01160,Kara Sandoval,Quality,Planner,24
EMP-01161,Ashley Malone,Supply Chain,Procurement Specialist,24
EMP-01162,Glenn Gallegos,Procurement,Planner,1
EMP-01163,Dorothy Boyd,Finance,Manager,14
EMP-01164,Amber Martin,Construction,Engineer,20
EMP-01165,Mitchell Griffith,Finance,Quality Engineer,28
EMP-01166,Levi Lopez,Quality,Engineer,15
EMP-01167,Jenna Bryant,Project Management,Quantity Surveyor,2
EMP-01168,Michelle Rodriguez,Construction,Procurement Specialist,7
EMP-01169,Timothy Monroe,Project Management,Supervisor,26
EMP-01170,Patricia Hayes,Supply Chain,Engineer,11
EMP-01171,Tina Taylor,IT,Data Analyst,4
EMP-01172,Mr. Anthony Mcconnell PhD,Procurement,Procurement Specialist,30
EMP-01173,Mr. Thomas Thompson,Procurement,Manager,21
EMP-01174,Monica Anderson,IT,Supervisor,10
EMP-01175,Kyle Andrade,Supply Chain,Project Manager,9
EMP-01176,Janice Petty,Procurement,Project Manager,3
EMP-01177,Pamela Hill,Procurement,Project Manager,12
EMP-01178,Tracy Chavez,Project Management,Engineer,30
EMP-01179,Jason Graves,Project Management,Engineer,1
EMP-01180,Elizabeth Miles,Procurement,Quantity Surveyor,25
EMP-01181,Michelle Walls,Construction,Data Analyst,3
EMP-01182,Christina Weber,Supply Chain,Engineer,19
EMP-01183,Gregory Chambers,Engineering,Supervisor,10
EMP-01184,Miss Tina Gordon,Construction,Planner,16
EMP-01185,Erica Wilson,IT,Quality Engineer,13
EMP-01186,John Duncan,Engineering,Quality Engineer,11
EMP-01187,Jennifer Adkins,Procurement,Quantity Surveyor,3
EMP-01188,Donna Boone,Procurement,Planner,24
EMP-01189,Kelly Johnson,Supply Chain,Procurement Specialist,13
EMP-01190,Michael Gonzalez,Procurement,Quality Engineer,8
EMP-01191,Candace Mitchell,Supply Chain,Supervisor,21
EMP-01192,Ryan Vaughn,Finance,Manager,21
EMP-01193,Paul Johnson,Construction,Supervisor,27
EMP-01194,Ashley Parrish,Project Management,Supervisor,23
EMP-01195,Sharon Newton,Procurement,Procurement Specialist,23
EMP-01196,Cynthia Mueller,Procurement,Quantity Surveyor,21
EMP-01197,Donna Beck,Construction,Manager,4
EMP-01198,Jasmine Frye,Finance,Manager,18
EMP-01199,Emily Arnold,Procurement,Procurement Specialist,11
EMP-01200,David Oliver,Quality,Procurement Specialist,19
EMP-01201,Sheila Greer,Engineering,Data Analyst,5
EMP-01202,Michele Holland,Quality,Manager,5
EMP-01203,Kimberly Morrison,Finance,Quality Engineer,19
EMP-01204,Tracey Phillips,Construction,Data Analyst,21
EMP-01205,Michael Lopez,Quality,Engineer,23
EMP-01206,Jose Bennett,Engineering,Engineer,13
EMP-01207,Justin Anderson,Engineering,Engineer,30
EMP-01208,Dawn Rivera,Procurement,Procurement Specialist,14
EMP-01209,Brittney Hernandez,Supply Chain,Quality Engineer,24
EMP-01210,Anthony Randolph,Procurement,Supervisor,25
EMP-01211,Mary Henry,Engineering,Quantity Surveyor,2
EMP-01212,Heather Bowers,Supply Chain,Manager,15
EMP-01213,Daniel White,Quality,Quantity Surveyor,3
EMP-01214,Jonathan Perry,Quality,Quality Engineer,28
EMP-01215,Anna Walker,IT,Quantity Surveyor,29
EMP-01216,Gary Ward,Quality,Data Analyst,19
EMP-01217,Paul Moreno,IT,Quality Engineer,4
EMP-01218,Samantha Zavala MD,Project Management,Planner,16
EMP-01219,Jill Conway,Construction,Quantity Surveyor,16
EMP-01220,Lisa Haley,IT,Planner,15
EMP-01221,Erica Moon,Quality,Quantity Surveyor,30
EMP-01222,Janice Fernandez,IT,Quantity Surveyor,14
EMP-01223,Thomas Short,Quality,Project Manager,13
EMP-01224,Robert Griffin,Procurement,Project Manager,3
EMP-01225,Steven Lee,Quality,Engineer,20
EMP-01226,Tiffany Jackson,Engineering,Planner,24
EMP-01227,Kimberly Smith,Quality,Quality Engineer,22
EMP-01228,Michael Ayala,Project Management,Project Manager,18
EMP-01229,Jessica Garcia,IT,Project Manager,4
EMP-01230,Michele Cherry,IT,Manager,6
EMP-01231,Maria Case,Engineering,Data Analyst,6
EMP-01232,Brittany Stevens,Finance,Planner,20
EMP-01233,Brandon Brown,Finance,Planner,9
EMP-01234,Kristin Andrews,Supply Chain,Project Manager,7
EMP-01235,David Hughes,Procurement,Manager,29
EMP-01236,Jessica Smith,Quality,Project Manager,23
EMP-01237,Kimberly May,Engineering,Supervisor,11
EMP-01238,Nicole Richards,IT,Supervisor,7
EMP-01239,Angel Reilly,Construction,Procurement Specialist,11
EMP-01240,Richard Turner,Finance,Quality Engineer,8
EMP-01241,Preston Kim,Construction,Data Analyst,23
EMP-01242,Matthew Wells,IT,Engineer,30
EMP-01243,Brandy Myers,Project Management,Quantity Surveyor,11
EMP-01244,Kimberly Choi,Construction,Quality Engineer,26
EMP-01245,Michael Sloan,Engineering,Manager,10
EMP-01246,Monica Brooks,Procurement,Planner,16
EMP-01247,Kristen Peters,Construction,Supervisor,7
EMP-01248,Aaron Carlson,Finance,Manager,14
EMP-01249,Theresa Torres,Procurement,Manager,14
EMP-01250,Stephanie Cooper,IT,Manager,28
EMP-01251,Matthew Hunt,Quality,Supervisor,29
EMP-01252,Daniel Davenport,Finance,Engineer,10
EMP-01253,Christopher Marsh,Construction,Quantity Surveyor,3
EMP-01254,Sarah Randolph,Quality,Project Manager,16
EMP-01255,Julia Dunn MD,Quality,Data Analyst,13
EMP-01256,Brett Swanson,Engineering,Quality Engineer,23
EMP-01257,Mr. Carl Rios,Supply Chain,Planner,13
EMP-01258,Manuel Mccullough,Finance,Quantity Surveyor,4
EMP-01259,Jerry Jensen,Engineering,Project Manager,16
EMP-01260,Kevin Cunningham,Supply Chain,Manager,14
EMP-01261,Eugene Patterson,Project Management,Procurement Specialist,4
EMP-01262,David Walker,Supply Chain,Manager,17
EMP-01263,Jessica Larsen,Procurement,Engineer,30
EMP-01264,Nicholas Humphrey,Finance,Project Manager,6
EMP-01265,Ian Torres,Finance,Data Analyst,27
EMP-01266,Casey Obrien,Finance,Quality Engineer,2
EMP-01267,Shannon Taylor,Project Management,Engineer,28
EMP-01268,Deborah Mercado,Quality,Supervisor,1
EMP-01269,Bernard Smith,Project Management,Supervisor,4
EMP-01270,Amanda Perkins,Procurement,Quantity Surveyor,19
EMP-01271,Kevin Escobar,Procurement,Quantity Surveyor,21
EMP-01272,Kimberly Lutz,Engineering,Planner,3
EMP-01273,Reginald Diaz,Engineering,Supervisor,19
EMP-01274,Raymond Quinn,IT,Project Manager,1
EMP-01275,John Dixon,Quality,Project Manager,18
EMP-01276,Jonathan Bates,IT,Planner,17
EMP-01277,Renee Mendez,Construction,Project Manager,27
EMP-01278,Jose Griffin,Procurement,Supervisor,20
EMP-01279,Travis Hopkins,Procurement,Quality Engineer,6
EMP-01280,Nancy Webb,Quality,Manager,29
EMP-01281,Daniel Freeman,Supply Chain,Quantity Surveyor,17
EMP-01282,Jacob Williams,Finance,Manager,15
EMP-01283,Terry Ward,Supply Chain,Planner,23
EMP-01284,Jesse Williams,Procurement,Quality Engineer,2
EMP-01285,Mrs. Michele Boyd,Project Management,Planner,15
EMP-01286,Sandy Baker,Construction,Planner,1
EMP-01287,Carrie Valdez,Finance,Planner,17
EMP-01288,Matthew Houston,Construction,Procurement Specialist,19
EMP-01289,Jamie Solomon,Construction,Quality Engineer,16
EMP-01290,Heather Parrish,Supply Chain,Project Manager,22
EMP-01291,Mr. Larry Shaw,Project Management,Engineer,26
EMP-01292,Christopher Jones,Engineering,Data Analyst,19
EMP-01293,Christine Lopez,Construction,Procurement Specialist,6
EMP-01294,Mitchell Wilson,Project Management,Supervisor,7
EMP-01295,Robert Cortez,Quality,Quantity Surveyor,5
EMP-01296,Mr. Daniel Martin,Engineering,Engineer,6
EMP-01297,Alison Williams,Procurement,Supervisor,18
EMP-01298,Candace Soto,IT,Planner,7
EMP-01299,Kenneth Brown,Quality,Manager,16
EMP-01300,Christopher Mullen,Project Management,Procurement Specialist,28
EMP-01301,Kristy Smith,Quality,Manager,16
EMP-01302,Mary Campbell,Project Management,Supervisor,23
EMP-01303,Jerry Haney,Construction,Manager,6
EMP-01304,Carolyn Greer,IT,Procurement Specialist,30
EMP-01305,Rebecca Hoover,Procurement,Quantity Surveyor,24
EMP-01306,Matthew Baker,Project Management,Engineer,26
EMP-01307,Grace Chavez,Project Management,Data Analyst,29
EMP-01308,Crystal Cruz,Quality,Quantity Surveyor,13
EMP-01309,Dale Heath,Construction,Data Analyst,16
EMP-01310,Jennifer Hernandez,Procurement,Data Analyst,23
EMP-01311,John Mendez,Construction,Engineer,22
EMP-01312,Richard Gordon,Construction,Project Manager,26
EMP-01313,John Anderson,Quality,Quantity Surveyor,22
EMP-01314,Samantha Prince,Quality,Quantity Surveyor,10
EMP-01315,Marie Boyd,IT,Manager,4
EMP-01316,Andrew Moreno,Construction,Engineer,12
EMP-01317,Robert Clarke,IT,Project Manager,12
EMP-01318,Kevin Figueroa,Procurement,Quality Engineer,14
EMP-01319,Melissa Davis,Quality,Manager,16
EMP-01320,John Hall,Construction,Engineer,7
EMP-01321,Diane Mcdowell,IT,Supervisor,20
EMP-01322,Colin Fletcher,Engineering,Project Manager,26
EMP-01323,Laura Wilson,Supply Chain,Procurement Specialist,18
EMP-01324,Matthew Watts,Quality,Quantity Surveyor,28
EMP-01325,Jack Moore,Project Management,Procurement Specialist,3
EMP-01326,Dawn Wyatt,Construction,Data Analyst,30
EMP-01327,Jacob Hill,Quality,Project Manager,14
EMP-01328,Nicole Gutierrez,Project Management,Quality Engineer,21
EMP-01329,Karen Wood,Supply Chain,Planner,10
EMP-01330,Dawn Parker,Project Management,Planner,15
EMP-01331,Michael Fitzgerald,Supply Chain,Quality Engineer,5
EMP-01332,Mary Adkins,Finance,Quantity Surveyor,11
EMP-01333,Michael Martin,Project Management,Supervisor,22
EMP-01334,James Morgan,Quality,Procurement Specialist,26
EMP-01335,Melissa Mann,Project Management,Quantity Surveyor,25
EMP-01336,Vincent Smith,IT,Procurement Specialist,20
EMP-01337,Charles Frost,Procurement,Project Manager,11
EMP-01338,Austin Walker,IT,Quality Engineer,15
EMP-01339,Andrew Cruz,Finance,Project Manager,9
EMP-01340,Miss Kelly Dawson,Procurement,Project Manager,21
EMP-01341,Theresa Wilkins,Procurement,Engineer,17
EMP-01342,Jessica Harris,Finance,Quantity Surveyor,5
EMP-01343,Regina Mitchell,Procurement,Planner,21
EMP-01344,Kyle Black,Engineering,Quantity Surveyor,16
EMP-01345,Christopher Johnson,Finance,Procurement Specialist,13
EMP-01346,Aaron Moore,Project Management,Quality Engineer,19
EMP-01347,Penny Gomez MD,Finance,Planner,10
EMP-01348,Kelly Mclaughlin,Construction,Quality Engineer,4
EMP-01349,Brandon Mitchell,Engineering,Engineer,14
EMP-01350,Suzanne Bailey,Procurement,Planner,14
EMP-01351,Destiny Obrien,Finance,Planner,23
EMP-01352,Timothy Andrews,Supply Chain,Engineer,12
EMP-01353,Jason Rodriguez,Supply Chain,Quantity Surveyor,7
EMP-01354,Edward Arroyo,Quality,Project Manager,1
EMP-01355,Tina Walter,Construction,Quantity Surveyor,23
EMP-01356,Laura Benson,Finance,Supervisor,13
EMP-01357,Kristine Carrillo,Construction,Engineer,3
EMP-01358,Tonya Ellis,Supply Chain,Supervisor,29
EMP-01359,Kevin Johnson,Finance,Engineer,30
EMP-01360,Austin Schultz,Quality,Procurement Specialist,23
EMP-01361,Megan Hall MD,IT,Procurement Specialist,24
EMP-01362,Kelli Smith,Supply Chain,Quantity Surveyor,19
EMP-01363,Danielle Davis,Finance,Manager,30
EMP-01364,Samantha Jones,IT,Quality Engineer,2
EMP-01365,Karen Gomez,Finance,Quantity Surveyor,29
EMP-01366,Debra Valentine,Quality,Quantity Surveyor,5
EMP-01367,Susan Porter,Supply Chain,Planner,3
EMP-01368,Nicolas Salas,IT,Project Manager,1
EMP-01369,Dale Wright,Project Management,Quantity Surveyor,4
EMP-01370,Brittney Rodriguez,Supply Chain,Quantity Surveyor,10
EMP-01371,Megan Alvarado,Project Management,Quantity Surveyor,5
EMP-01372,Pamela Weaver,IT,Procurement Specialist,15
EMP-01373,John Oliver,Project Management,Project Manager,7
EMP-01374,William Prince PhD,Project Management,Quality Engineer,29
EMP-01375,William Moon IV,IT,Procurement Specialist,24
EMP-01376,Kenneth Brown,Quality,Engineer,3
EMP-01377,Karen Fernandez,Quality,Planner,1
EMP-01378,Jennifer Parks,IT,Quality Engineer,16
EMP-01379,William Wolfe,IT,Manager,30
EMP-01380,Michael Smith,Finance,Supervisor,16
EMP-01381,Kevin Nguyen,Construction,Supervisor,5
EMP-01382,Debbie Dunn,Engineering,Project Manager,9
EMP-01383,John Austin,Engineering,Supervisor,26
EMP-01384,Jonathan Clark,Engineering,Procurement Specialist,16
EMP-01385,Jacqueline Dickerson,IT,Manager,7
EMP-01386,Christopher Anderson,Procurement,Quality Engineer,10
EMP-01387,Crystal Garcia,Procurement,Engineer,13
EMP-01388,David Reynolds,Engineering,Data Analyst,7
EMP-01389,Charles Haley,Construction,Quality Engineer,14
EMP-01390,Robert Thompson,Procurement,Quantity Surveyor,21
EMP-01391,Dr. Samuel Holmes DDS,Finance,Procurement Specialist,16
EMP-01392,Elizabeth Hart,Finance,Planner,11
EMP-01393,Jennifer Vaughn,Finance,Quality Engineer,14
EMP-01394,Robert Woods,Engineering,Data Analyst,11
EMP-01395,Joanna Cook,Project Management,Supervisor,2
EMP-01396,Justin Frederick,Quality,Procurement Specialist,7
EMP-01397,Alejandro Martinez,Project Management,Manager,13
EMP-01398,Tracey Gonzalez,Finance,Quality Engineer,2
EMP-01399,Mariah Thompson,Quality,Quantity Surveyor,17
EMP-01400,Heather Nunez,Project Management,Manager,8
EMP-01401,Dr. Steve James,Construction,Quality Engineer,11
EMP-01402,Mark Thomas,Procurement,Procurement Specialist,25
EMP-01403,Robert Rogers,IT,Manager,7
EMP-01404,Laura Sweeney,Quality,Project Manager,22
EMP-01405,Christopher Perez,Engineering,Quality Engineer,21
EMP-01406,Eddie Adams,IT,Quantity Surveyor,11
EMP-01407,Denise Wallace,Quality,Project Manager,4
EMP-01408,Heidi Matthews,Quality,Supervisor,16
EMP-01409,Jennifer White,Supply Chain,Project Manager,14
EMP-01410,Nicholas Stanley,Quality,Planner,1
EMP-01411,Mercedes Miller,Project Management,Manager,19
EMP-01412,Brian Brown,Finance,Procurement Specialist,2
EMP-01413,Kimberly Johnson,IT,Engineer,23
EMP-01414,Phillip Miller,Procurement,Planner,9
EMP-01415,Christopher Pena,Supply Chain,Engineer,11
EMP-01416,Ellen Wright,Finance,Procurement Specialist,6
EMP-01417,Mark Anderson,IT,Planner,13
EMP-01418,Alyssa Alvarado,Engineering,Manager,11
EMP-01419,Erika Alvarez,Finance,Procurement Specialist,10
EMP-01420,Kimberly Nelson,Project Management,Data Analyst,1
EMP-01421,Wayne Wolfe,Procurement,Project Manager,9
EMP-01422,Kyle Welch,Supply Chain,Data Analyst,30
EMP-01423,Kristy Mills,Finance,Manager,2
EMP-01424,Emily Reed,Quality,Supervisor,16
EMP-01425,Regina Ramos,IT,Procurement Specialist,1
EMP-01426,David Torres,Supply Chain,Engineer,23
EMP-01427,Robert Charles,Construction,Supervisor,15
EMP-01428,John Smith,IT,Project Manager,14
EMP-01429,Theresa Woods,Project Management,Quality Engineer,22
EMP-01430,Jeffrey Carter,Supply Chain,Quality Engineer,10
EMP-01431,Adam Brooks,Project Management,Manager,15
EMP-01432,Justin Foster,Project Management,Manager,30
EMP-01433,Omar Price,Engineering,Quality Engineer,2
EMP-01434,Dennis Henderson,Project Management,Procurement Specialist,20
EMP-01435,Phillip Kent,Procurement,Engineer,21
EMP-01436,Melinda Mitchell,Supply Chain,Quality Engineer,24
EMP-01437,Rhonda Gutierrez,Supply Chain,Data Analyst,16
EMP-01438,Catherine Roberts,Supply Chain,Planner,3
EMP-01439,Lisa Nelson,Supply Chain,Procurement Specialist,30
EMP-01440,Chelsea Smith,Engineering,Supervisor,2
EMP-01441,Joseph Lopez,Construction,Quantity Surveyor,14
EMP-01442,Derrick Espinoza,Finance,Manager,12
EMP-01443,Crystal Hernandez,Supply Chain,Planner,2
EMP-01444,Glenn Collins DDS,IT,Project Manager,9
EMP-01445,Mrs. Raven Rivera DVM,Supply Chain,Manager,28
EMP-01446,Amy Rowe,Engineering,Quality Engineer,10
EMP-01447,John Lee,Construction,Quantity Surveyor,2
EMP-01448,Ruth Clayton,Engineering,Quantity Surveyor,8
EMP-01449,Randy Wright,Finance,Quantity Surveyor,2
EMP-01450,Jessica Rojas,Procurement,Quality Engineer,11
EMP-01451,Joel Wise,Quality,Data Analyst,17
EMP-01452,Vickie Kennedy,Engineering,Quantity Surveyor,25
EMP-01453,Emily Morris,IT,Procurement Specialist,21
EMP-01454,Amanda Pineda,IT,Engineer,24
EMP-01455,Dawn Little,Engineering,Manager,18
EMP-01456,Stephen Boyer,Supply Chain,Project Manager,5
EMP-01457,Brian Chen,IT,Quantity Surveyor,17
EMP-01458,Christopher Hill,Procurement,Procurement Specialist,25
EMP-01459,Richard Smith,Finance,Data Analyst,10
EMP-01460,Richard Alvarez,Finance,Project Manager,28
EMP-01461,Jacqueline Davis,IT,Project Manager,11
EMP-01462,Brandon Montgomery,Quality,Planner,22
EMP-01463,Yolanda Garrett,Finance,Engineer,11
EMP-01464,Matthew Miles,Quality,Project Manager,25
EMP-01465,Beth Hall,Project Management,Engineer,16
EMP-01466,Dr. Nicole Trujillo,Quality,Procurement Specialist,8
EMP-01467,Corey Norris,Project Management,Data Analyst,12
EMP-01468,Chad Roach,Project Management,Planner,29
EMP-01469,Mr. Edward Terry,Finance,Manager,8
EMP-01470,Cody Bailey,Procurement,Procurement Specialist,10
EMP-01471,Denise Guerra,Project Management,Data Analyst,11
EMP-01472,Kristen Jones,Construction,Quantity Surveyor,14
EMP-01473,Edward Baker,Engineering,Project Manager,22
EMP-01474,Aaron Little,Project Management,Quality Engineer,30
EMP-01475,Cody Smith,Supply Chain,Quantity Surveyor,10
EMP-01476,Patty Allen,Supply Chain,Procurement Specialist,15
EMP-01477,Mary Ryan,Supply Chain,Manager,28
EMP-01478,Joseph Jimenez,Project Management,Manager,4
EMP-01479,Lisa Morris,Quality,Manager,20
EMP-01480,Ashley Mills,IT,Planner,10
EMP-01481,Russell Anderson,Finance,Planner,21
EMP-01482,Christina Washington,Engineering,Quality Engineer,13
EMP-01483,Kenneth Huff,Finance,Project Manager,17
EMP-01484,Kelly Miles,IT,Supervisor,8
EMP-01485,Jacob Obrien,Engineering,Quality Engineer,19
EMP-01486,Timothy Clark,Project Management,Data Analyst,2
EMP-01487,Steve Miller PhD,Project Management,Data Analyst,4
EMP-01488,Justin Hurley,Finance,Data Analyst,20
EMP-01489,Jacob Erickson,Engineering,Engineer,24
EMP-01490,Deborah Williams,IT,Supervisor,23
EMP-01491,Eric Blackburn,Engineering,Supervisor,15
EMP-01492,Anne Hardy,Procurement,Supervisor,10
EMP-01493,Chelsey Fox,IT,Planner,27
EMP-01494,Mario White,Quality,Quantity Surveyor,9
EMP-01495,Jennifer Garcia,Supply Chain,Engineer,15
EMP-01496,Heather Ellis,Finance,Quantity Surveyor,8
EMP-01497,Sonya Jackson,Construction,Planner,6
EMP-01498,James Morgan,Procurement,Quality Engineer,8
EMP-01499,Zachary Ramos,Finance,Data Analyst,10
EMP-01500,Ethan Frey,Engineering,Procurement Specialist,11
EMP-01501,Jacob Duran,Construction,Quantity Surveyor,30
EMP-01502,Nicholas Franklin,Supply Chain,Engineer,12
EMP-01503,Cindy Cannon,Finance,Data Analyst,8
EMP-01504,Dawn Nixon,IT,Procurement Specialist,16
EMP-01505,James Barber,Project Management,Manager,28
EMP-01506,Ms. Kelly Holder,Supply Chain,Planner,2
EMP-01507,Eric Walker,Construction,Planner,30
EMP-01508,Alison Short,Construction,Quantity Surveyor,30
EMP-01509,Desiree Spencer,Supply Chain,Quantity Surveyor,1
EMP-01510,Tammy Moore,Project Management,Planner,17
EMP-01511,Henry Taylor,Project Management,Project Manager,22
EMP-01512,Kevin Hall,Supply Chain,Engineer,16
EMP-01513,Anna Ross,Project Management,Quality Engineer,26
EMP-01514,Morgan Cummings,Supply Chain,Data Analyst,19
EMP-01515,Carrie Petersen,IT,Data Analyst,14
EMP-01516,Laura Velez,Supply Chain,Data Analyst,26
EMP-01517,Elizabeth Cross,Quality,Supervisor,2
EMP-01518,Angela Brown,Project Management,Engineer,17
EMP-01519,Hannah Montoya,Construction,Project Manager,5
EMP-01520,Sean Kane,Supply Chain,Quality Engineer,20
EMP-01521,Matthew Guzman,Engineering,Planner,1
EMP-01522,Richard Reyes,Procurement,Manager,11
EMP-01523,Andrew Fernandez,Construction,Quality Engineer,10
EMP-01524,Jonathan Walker,Procurement,Quality Engineer,3
EMP-01525,Nicholas Long,Engineering,Supervisor,22
EMP-01526,Kurt Wagner,Supply Chain,Engineer,6
EMP-01527,Dylan Foster,Finance,Procurement Specialist,6
EMP-01528,Bradley Duncan,IT,Project Manager,22
EMP-01529,James Miller,Quality,Data Analyst,7
EMP-01530,Patricia Anderson,Finance,Data Analyst,9
EMP-01531,Justin Freeman,Construction,Engineer,3
EMP-01532,Christina Gilbert,Construction,Data Analyst,2
EMP-01533,Danielle Jones,IT,Engineer,29
EMP-01534,Erica Glass,Construction,Manager,29
EMP-01535,Michael Henderson,Finance,Quality Engineer,7
EMP-01536,Frank Wheeler,Engineering,Procurement Specialist,15
EMP-01537,Eric Huerta,Supply Chain,Planner,3
EMP-01538,Wanda Ramos,Finance,Supervisor,16
EMP-01539,Andrew Meyers,Quality,Planner,9
EMP-01540,James Todd,Quality,Data Analyst,27
EMP-01541,Ashley Brown,Quality,Manager,25
EMP-01542,Tammy Melton,Project Management,Planner,12
EMP-01543,Alexis Benson,Project Management,Project Manager,23
EMP-01544,Jerry Johnson,Finance,Project Manager,9
EMP-01545,Joshua Harris,Finance,Project Manager,4
EMP-01546,Deanna Webb,Supply Chain,Supervisor,15
EMP-01547,Brenda Hale,Quality,Manager,26
EMP-01548,Kevin Alvarado,Project Management,Manager,3
EMP-01549,Christopher Campbell,Project Management,Planner,23
EMP-01550,Lisa Brown,Project Management,Procurement Specialist,8
EMP-01551,Alejandra Price,Engineering,Manager,10
EMP-01552,Samuel Keller,Procurement,Project Manager,6
EMP-01553,Alicia Dillon,Procurement,Data Analyst,13
EMP-01554,Crystal James,Engineering,Supervisor,18
EMP-01555,Ariana Stewart,Procurement,Planner,10
EMP-01556,Kim Lopez,Supply Chain,Procurement Specialist,5
EMP-01557,Judith House,Construction,Planner,3
EMP-01558,David Moreno,Construction,Project Manager,27
EMP-01559,James Moore,Supply Chain,Planner,17
EMP-01560,Harold Garrett,Quality,Data Analyst,3
EMP-01561,William Mason,Finance,Project Manager,21
EMP-01562,Lori Johns,Project Management,Quantity Surveyor,22
EMP-01563,Robin Johnson,IT,Procurement Specialist,1
EMP-01564,Diana Hernandez,Construction,Engineer,2
EMP-01565,Mary Miller,IT,Supervisor,22
EMP-01566,Tyler Salazar,Supply Chain,Engineer,3
EMP-01567,Crystal Allen,Finance,Engineer,27
EMP-01568,Wesley Browning,Project Management,Quantity Surveyor,26
EMP-01569,Joshua Clark,Construction,Procurement Specialist,15
EMP-01570,Joshua Mcbride,Quality,Quality Engineer,13
EMP-01571,Ellen Thornton,Finance,Supervisor,27
EMP-01572,Brandy Forbes,Engineering,Engineer,16
EMP-01573,Brianna Fitzpatrick,IT,Manager,13
EMP-01574,Emily Grant,Procurement,Data Analyst,25
EMP-01575,Bailey Stewart,IT,Engineer,9
EMP-01576,Monica Cannon,Engineering,Engineer,27
EMP-01577,Jennifer Jenkins,Project Management,Data Analyst,28
EMP-01578,Timothy Shannon,Construction,Quality Engineer,8
EMP-01579,Denise Maxwell,Supply Chain,Planner,2
EMP-01580,Cody Farmer,Finance,Planner,16
EMP-01581,Debra Bradley,Finance,Quantity Surveyor,13
EMP-01582,David Mcdaniel,Finance,Quality Engineer,10
EMP-01583,Michael Woods,Supply Chain,Procurement Specialist,26
EMP-01584,Lisa Joseph,Finance,Engineer,5
EMP-01585,Samuel Henry,Supply Chain,Supervisor,7
EMP-01586,Corey Johnson,Quality,Data Analyst,5
EMP-01587,Alexis Nelson,Engineering,Quality Engineer,30
EMP-01588,Patrick Mcneil,Supply Chain,Engineer,8
EMP-01589,Andrea Ho,Engineering,Project Manager,18
EMP-01590,Dr. Katherine Nguyen,Project Management,Project Manager,2
EMP-01591,David Sullivan,Finance,Quality Engineer,6
EMP-01592,Nicolas James,IT,Procurement Specialist,2
EMP-01593,Logan Newton,Finance,Quality Engineer,4
EMP-01594,Kelly Liu,Project Management,Supervisor,18
EMP-01595,Kelly Hayes,Finance,Quality Engineer,26
EMP-01596,Amanda Forbes,Finance,Data Analyst,1
EMP-01597,Jennifer Moss,Finance,Data Analyst,6
EMP-01598,Kelli Mccoy,IT,Manager,8
EMP-01599,Eddie Sanders,Engineering,Project Manager,16
EMP-01600,Ronald Murray,Project Management,Planner,17
EMP-01601,Louis Brown,Quality,Data Analyst,7
EMP-01602,Brenda Gallegos,Supply Chain,Quality Engineer,23
EMP-01603,Nathan Wilson,Engineering,Manager,12
EMP-01604,Teresa Horton,Supply Chain,Project Manager,8
EMP-01605,Jason Hayes,Quality,Data Analyst,23
EMP-01606,Kevin Marquez,Finance,Supervisor,10
EMP-01607,Jesse Wright,Quality,Manager,17
EMP-01608,Susan Hogan,Construction,Manager,30
EMP-01609,Becky Wilson,Engineering,Planner,6
EMP-01610,Jack Mills,Quality,Manager,15
EMP-01611,Richard Hunt,Finance,Engineer,12
EMP-01612,Jamie James,Procurement,Manager,16
EMP-01613,Susan Cunningham,Procurement,Engineer,26
EMP-01614,Brittany Melton,IT,Quality Engineer,4
EMP-01615,Michael Barnes,Project Management,Project Manager,23
EMP-01616,Randy Griffin,Supply Chain,Supervisor,3
EMP-01617,Autumn Anderson,Procurement,Manager,28
EMP-01618,Marcus King,Construction,Engineer,3
EMP-01619,Scott Stephens,Project Management,Quality Engineer,26
EMP-01620,Stephen Young,Construction,Procurement Specialist,23
EMP-01621,Karen Ortiz,Project Management,Supervisor,27
EMP-01622,Kyle Sanchez,Construction,Supervisor,18
EMP-01623,Lisa Grant,Engineering,Procurement Specialist,28
EMP-01624,Amber Hernandez,Construction,Project Manager,29
EMP-01625,Amanda Nash,Project Management,Data Analyst,6
EMP-01626,Sara Evans,Construction,Planner,14
EMP-01627,Amber Butler,Construction,Quality Engineer,12
EMP-01628,Michael Carr,IT,Quantity Surveyor,5
EMP-01629,Linda Cobb,Project Management,Project Manager,21
EMP-01630,Jesse Riley,Quality,Planner,15
EMP-01631,Anna Evans,Supply Chain,Data Analyst,2
EMP-01632,James Jones,Project Management,Quantity Surveyor,13
EMP-01633,Joshua Carter,Supply Chain,Data Analyst,23
EMP-01634,Michael Hill,Quality,Planner,20
EMP-01635,Kelly Dominguez,Quality,Quality Engineer,6
EMP-01636,Ashley Blair,Construction,Procurement Specialist,24
EMP-01637,Victoria Webb,Supply Chain,Data Analyst,29
EMP-01638,Taylor Andersen,Quality,Engineer,19
EMP-01639,Lee Stewart,Supply Chain,Engineer,4
EMP-01640,Whitney Gomez,Finance,Supervisor,16
EMP-01641,Justin Stone,IT,Supervisor,17
EMP-01642,Katherine White,Construction,Procurement Specialist,3
EMP-01643,Michelle Krause,Engineering,Data Analyst,6
EMP-01644,Alexander Garrett,Procurement,Engineer,23
EMP-01645,Ryan Marsh,IT,Supervisor,12
EMP-01646,Mrs. Felicia Castro DDS,Quality,Manager,18
EMP-01647,Curtis Campbell,Finance,Planner,22
EMP-01648,Elizabeth Hunter,Engineering,Supervisor,26
EMP-01649,Aaron Jennings,Project Management,Quality Engineer,12
EMP-01650,Nathaniel Gilbert,Quality,Procurement Specialist,12
EMP-01651,Christopher Rivera,Finance,Engineer,24
EMP-01652,Michael Hendricks,Procurement,Planner,6
EMP-01653,Maria Olson,Procurement,Planner,28
EMP-01654,Stephanie Herrera,IT,Planner,16
EMP-01655,Richard Gutierrez,IT,Procurement Specialist,29
EMP-01656,Sandy Evans,Project Management,Procurement Specialist,11
EMP-01657,Emily Herrera,Project Management,Supervisor,26
EMP-01658,Michael Marsh,Engineering,Supervisor,24
EMP-01659,Heather Montes,Supply Chain,Supervisor,18
EMP-01660,Andre Terrell,Project Management,Manager,19
EMP-01661,Sarah Duncan,IT,Manager,6
EMP-01662,Kurt Hancock,Engineering,Project Manager,2
EMP-01663,Michele Edwards,IT,Manager,28
EMP-01664,Jason Crawford,IT,Data Analyst,16
EMP-01665,Jesse Sampson,IT,Quantity Surveyor,20
EMP-01666,Eric Rodriguez,Procurement,Quality Engineer,25
EMP-01667,Paula Gentry,Construction,Quantity Surveyor,6
EMP-01668,Alexander Webb,Project Management,Data Analyst,21
EMP-01669,Cheryl Mclean,Supply Chain,Manager,15
EMP-01670,Kelly Rowe,Supply Chain,Quality Engineer,9
EMP-01671,Shane Short,Supply Chain,Engineer,18
EMP-01672,Megan Anderson,IT,Data Analyst,29
EMP-01673,Julia Reeves,Project Management,Quantity Surveyor,24
EMP-01674,April Randolph,Construction,Supervisor,14
EMP-01675,Linda Miller,Construction,Planner,27
EMP-01676,Angel Meyer,Project Management,Procurement Specialist,3
EMP-01677,Emily Lane,Construction,Procurement Specialist,10
EMP-01678,Steven Flores,Supply Chain,Planner,5
EMP-01679,Donald Flores,Project Management,Procurement Specialist,28
EMP-01680,Bruce Hernandez,Quality,Manager,7
EMP-01681,Adrian Dean,Finance,Project Manager,12
EMP-01682,Christine Bell,Quality,Supervisor,12
EMP-01683,Charles Bush,Supply Chain,Data Analyst,9
EMP-01684,David Jones,IT,Planner,5
EMP-01685,Gina Wallace,IT,Manager,2
EMP-01686,John Lowe,IT,Manager,25
EMP-01687,Anthony Simmons,Finance,Data Analyst,17
EMP-01688,Kyle Watkins,Quality,Data Analyst,20
EMP-01689,Melissa Jensen,Quality,Quality Engineer,16
EMP-01690,Robert Marquez,Project Management,Engineer,29
EMP-01691,Kim Beltran,IT,Data Analyst,6
EMP-01692,Julie Anderson,Supply Chain,Project Manager,12
EMP-01693,Tamara Mcdonald,Finance,Engineer,25
EMP-01694,Michael Mckinney,Quality,Procurement Specialist,16
EMP-01695,David Walker,Project Management,Planner,16
EMP-01696,Lisa Durham,Finance,Supervisor,8
EMP-01697,Michael Ortega,Procurement,Quantity Surveyor,27
EMP-01698,Sonya Chavez,Engineering,Engineer,30
EMP-01699,John Bell,Engineering,Project Manager,19
EMP-01700,Christopher Tate,Finance,Manager,9
EMP-01701,Bethany Garcia,Quality,Quantity Surveyor,8
EMP-01702,Rebecca Nguyen,Engineering,Engineer,20
EMP-01703,Rebecca Patel,Supply Chain,Manager,10
EMP-01704,Jason Oliver,Finance,Quantity Surveyor,21
EMP-01705,Valerie Reyes,IT,Engineer,8
EMP-01706,Robert Garza,Finance,Procurement Specialist,14
EMP-01707,Jessica Cobb,Supply Chain,Engineer,25
EMP-01708,Cynthia Bates,Quality,Data Analyst,21
EMP-01709,Timothy Andrews,Project Management,Quality Engineer,8
EMP-01710,Mr. Joel Peters,Quality,Quality Engineer,19
EMP-01711,Casey Blanchard,Finance,Planner,15
EMP-01712,Brian Cervantes,Project Management,Quality Engineer,3
EMP-01713,Jamie Snyder,Engineering,Data Analyst,3
EMP-01714,Ann Montoya,IT,Planner,1
EMP-01715,Stephanie Fields,Construction,Data Analyst,20
EMP-01716,Charles Hernandez,Supply Chain,Quantity Surveyor,25
EMP-01717,Jean Lane,Finance,Quantity Surveyor,5
EMP-01718,Michael Stewart,Quality,Procurement Specialist,21
EMP-01719,Susan Torres,Supply Chain,Supervisor,28
EMP-01720,Jessica Haas,Project Management,Project Manager,28
EMP-01721,Brandon Smith,Engineering,Engineer,9
EMP-01722,Mrs. Bethany Phillips,Supply Chain,Planner,3
EMP-01723,Joshua Brown,Construction,Project Manager,11
EMP-01724,Samantha Howard,Project Management,Data Analyst,14
EMP-01725,Sharon Young,Supply Chain,Planner,7
EMP-01726,Jennifer Flores,Procurement,Project Manager,14
EMP-01727,James Gardner,Project Management,Planner,26
EMP-01728,Karen Lopez,Supply Chain,Data Analyst,27
EMP-01729,Tim Larsen,Supply Chain,Data Analyst,26
EMP-01730,Zachary Santiago,Project Management,Supervisor,9
EMP-01731,Benjamin Smith,Construction,Manager,15
EMP-01732,Katelyn Kim,Project Management,Planner,13
EMP-01733,Angela May MD,IT,Manager,18
EMP-01734,Richard Munoz,IT,Planner,13
EMP-01735,Christopher Hicks,Supply Chain,Quality Engineer,16
EMP-01736,Joanna Kelly,Engineering,Quality Engineer,23
EMP-01737,Larry Lane,Engineering,Engineer,4
EMP-01738,Cynthia Shaw,Procurement,Quantity Surveyor,19
EMP-01739,Joshua Richardson,Supply Chain,Procurement Specialist,24
EMP-01740,Laura Bush,Construction,Engineer,11
EMP-01741,John Vaughn,Finance,Supervisor,28
EMP-01742,Nicholas Terrell,Supply Chain,Quantity Surveyor,15
EMP-01743,Dr. Julie Miller,Finance,Quality Engineer,3
EMP-01744,Ann Kennedy,Finance,Project Manager,15
EMP-01745,Toni Miller,Finance,Project Manager,12
EMP-01746,Rebecca Edwards,Supply Chain,Data Analyst,25
EMP-01747,Greg Osborne,IT,Manager,11
EMP-01748,Jose Harrison,IT,Manager,29
EMP-01749,Jennifer Yu,Finance,Procurement Specialist,18
EMP-01750,Donna Johnson,IT,Manager,18
EMP-01751,Nicole Acosta,Procurement,Planner,22
EMP-01752,Amy Kennedy,Quality,Planner,11
EMP-01753,Anthony Mooney,Project Management,Procurement Specialist,21
EMP-01754,Lori Mitchell,Procurement,Manager,3
EMP-01755,Jonathan York,Quality,Quantity Surveyor,25
EMP-01756,Casey Campbell,IT,Quantity Surveyor,19
EMP-01757,Alexis Rodriguez,Construction,Quantity Surveyor,6
EMP-01758,Kevin Hernandez,Engineering,Procurement Specialist,14
EMP-01759,Robert Green,Quality,Project Manager,8
EMP-01760,Kari Lloyd,Supply Chain,Planner,6
EMP-01761,Grace Miller,Construction,Quality Engineer,25
EMP-01762,Timothy Moore,Supply Chain,Manager,18
EMP-01763,Wyatt Townsend II,Finance,Supervisor,8
EMP-01764,Mark Clark,Finance,Supervisor,27
EMP-01765,Haley May,Finance,Quality Engineer,28
EMP-01766,Audrey Jackson,Supply Chain,Engineer,20
EMP-01767,Eric Reese,Procurement,Supervisor,3
EMP-01768,Kim James,IT,Project Manager,13
EMP-01769,Karen Thomas,Procurement,Supervisor,12
EMP-01770,Alexandra Ho,Construction,Engineer,14
EMP-01771,Michael Nixon,IT,Manager,7
EMP-01772,Amanda Hardin,Engineering,Planner,17
EMP-01773,Tina Reynolds,Quality,Engineer,23
EMP-01774,Shannon Rogers,Procurement,Procurement Specialist,26
EMP-01775,Brett Pena,Construction,Planner,28
EMP-01776,Raymond Curry,Engineering,Data Analyst,8
EMP-01777,Leah Lee,Procurement,Quantity Surveyor,17
EMP-01778,Michael White,Supply Chain,Planner,27
EMP-01779,Megan Decker,Quality,Engineer,23
EMP-01780,Brent Garcia,Quality,Planner,15
EMP-01781,Daniel Campbell,Finance,Data Analyst,18
EMP-01782,Alexander Davis,Engineering,Procurement Specialist,12
EMP-01783,Mary Houston,Engineering,Quantity Surveyor,10
EMP-01784,Margaret Erickson,Quality,Procurement Specialist,16
EMP-01785,Scott Anderson,Project Management,Quantity Surveyor,24
EMP-01786,Stephanie Knight,Supply Chain,Quality Engineer,23
EMP-01787,Stephanie Dominguez,Project Management,Planner,20
EMP-01788,John Mayer,Supply Chain,Data Analyst,26
EMP-01789,Tammy Hill,Finance,Project Manager,3
EMP-01790,Steven Carrillo,Quality,Data Analyst,9
EMP-01791,Christopher Jones,Supply Chain,Quality Engineer,11
EMP-01792,Janet Cook,Procurement,Quality Engineer,21
EMP-01793,Tyler Baker,Procurement,Procurement Specialist,15
EMP-01794,John Mcfarland,Quality,Project Manager,29
EMP-01795,Cassandra Vasquez,Engineering,Planner,2
EMP-01796,Randy Robinson,IT,Procurement Specialist,30
EMP-01797,Susan Baldwin,Engineering,Supervisor,6
EMP-01798,Benjamin Duncan,Procurement,Supervisor,25
EMP-01799,Jeremy Mosley,Quality,Engineer,29
EMP-01800,Martin Fitzpatrick,Engineering,Manager,27
EMP-01801,Deborah Graves,Supply Chain,Quality Engineer,21
EMP-01802,Laura Robertson,Quality,Engineer,12
EMP-01803,Katherine Graham,Construction,Supervisor,17
EMP-01804,Priscilla Floyd,Construction,Engineer,15
EMP-01805,April Finley,Quality,Manager,10
EMP-01806,Karen Bradley,Procurement,Planner,6
EMP-01807,Heather Maldonado,Quality,Data Analyst,25
EMP-01808,Mark Benjamin,IT,Engineer,8
EMP-01809,Joseph Woodward,Finance,Procurement Specialist,25
EMP-01810,Joe Miranda,Procurement,Engineer,26
EMP-01811,Cassandra Williams,IT,Procurement Specialist,10
EMP-01812,Connor Dominguez,Quality,Quantity Surveyor,30
EMP-01813,Lydia Howard,Engineering,Engineer,13
EMP-01814,Mark Moss,Quality,Quantity Surveyor,16
EMP-01815,Corey Cortez,IT,Supervisor,8
EMP-01816,Katherine Brown,Finance,Quality Engineer,13
EMP-01817,Elizabeth Ferguson,Engineering,Project Manager,8
EMP-01818,Joann Forbes,Construction,Supervisor,24
EMP-01819,Anthony French,Finance,Project Manager,5
EMP-01820,Bruce Roman,Engineering,Quantity Surveyor,27
EMP-01821,Judy Gregory,IT,Engineer,22
EMP-01822,Brittany Riley,Finance,Project Manager,17
EMP-01823,Amanda Thomas,Project Management,Planner,17
EMP-01824,Kaitlin Hardin,Finance,Data Analyst,14
EMP-01825,Michael Anderson,Supply Chain,Project Manager,2
EMP-01826,Anthony Parker,Quality,Procurement Specialist,22
EMP-01827,Joy Jackson,Project Management,Data Analyst,30
EMP-01828,Sabrina Rodriguez,Project Management,Procurement Specialist,26
EMP-01829,Robert Walker PhD,Quality,Project Manager,7
EMP-01830,Robert Hendrix,Supply Chain,Supervisor,11
EMP-01831,Erika Daugherty,Engineering,Supervisor,6
EMP-01832,Brenda Copeland,Procurement,Quality Engineer,6
EMP-01833,Pamela Watkins,Supply Chain,Quantity Surveyor,30
EMP-01834,Bryan Thomas,Project Management,Manager,7
EMP-01835,Michael Tran,Project Management,Quality Engineer,16
EMP-01836,Timothy Williams,Supply Chain,Engineer,3
EMP-01837,Ryan Salazar,Quality,Supervisor,13
EMP-01838,Alexis Tucker,Supply Chain,Manager,27
EMP-01839,Christopher Davis,Quality,Quality Engineer,16
EMP-01840,Stacie Butler,Construction,Data Analyst,16
EMP-01841,Patricia Schwartz,Engineering,Data Analyst,23
EMP-01842,Mark Mills,IT,Data Analyst,4
EMP-01843,Todd Bishop,Quality,Procurement Specialist,1
EMP-01844,Christopher Porter,Project Management,Data Analyst,29
EMP-01845,Lori Patton,Quality,Quantity Surveyor,3
EMP-01846,Aaron Young,Construction,Engineer,26
EMP-01847,Joseph Davis,Supply Chain,Manager,9
EMP-01848,Philip Fernandez,Procurement,Procurement Specialist,24
EMP-01849,Randy Hopkins,Procurement,Supervisor,5
EMP-01850,Cory Hogan,Project Management,Project Manager,23
EMP-01851,Tracy Wells,Quality,Planner,20
EMP-01852,Michael Williams,Construction,Quantity Surveyor,16
EMP-01853,Dominique Hamilton,Project Management,Procurement Specialist,16
EMP-01854,Robert Chang,Procurement,Quantity Surveyor,4
EMP-01855,Patrick Buckley,Supply Chain,Engineer,3
EMP-01856,Richard Washington,Construction,Project Manager,11
EMP-01857,Steven Griffith,Finance,Project Manager,23
EMP-01858,Erika Gonzalez,Construction,Procurement Specialist,21
EMP-01859,Erika Maxwell,Construction,Quantity Surveyor,18
EMP-01860,Brent Rojas,IT,Quantity Surveyor,12
EMP-01861,Jaime Walker,Quality,Supervisor,22
EMP-01862,John Zamora,Project Management,Quantity Surveyor,23
EMP-01863,Timothy Gibson,Procurement,Manager,25
EMP-01864,Chad Cortez,Supply Chain,Engineer,18
EMP-01865,Vanessa Harris,Quality,Data Analyst,26
EMP-01866,Michael Brown,Finance,Quantity Surveyor,21
EMP-01867,Samuel Ellis,Supply Chain,Quality Engineer,11
EMP-01868,Greg Tanner,IT,Engineer,15
EMP-01869,Rachel Little,Quality,Engineer,14
EMP-01870,Carolyn Cordova,Quality,Data Analyst,4
EMP-01871,Angelica Vincent,Finance,Procurement Specialist,20
EMP-01872,Zachary Vargas PhD,Finance,Data Analyst,22
EMP-01873,Nicholas Fitzgerald,Supply Chain,Project Manager,28
EMP-01874,Garrett Riley,Procurement,Engineer,2
EMP-01875,Leslie Hernandez,Procurement,Supervisor,7
EMP-01876,Abigail Baird,Construction,Planner,2
EMP-01877,John Mack,Engineering,Engineer,15
EMP-01878,Joseph Mendoza,Quality,Quantity Surveyor,9
EMP-01879,Samantha Chavez,Supply Chain,Data Analyst,8
EMP-01880,Justin Smith,Engineering,Engineer,28
EMP-01881,Tiffany Anderson,Supply Chain,Procurement Specialist,21
EMP-01882,Matthew Davis,Construction,Data Analyst,2
EMP-01883,Eric Warner,IT,Manager,30
EMP-01884,Nicole Johnson,IT,Manager,23
EMP-01885,Raymond Sawyer,Project Management,Quantity Surveyor,8
EMP-01886,Richard Wood,Procurement,Supervisor,25
EMP-01887,Mark Dalton,Quality,Quality Engineer,4
EMP-01888,Steven Cook,Procurement,Supervisor,14
EMP-01889,Jeffery Nelson,Quality,Quantity Surveyor,7
EMP-01890,Kimberly Norton,Supply Chain,Quality Engineer,21
EMP-01891,Angela Gilmore,Finance,Data Analyst,29
EMP-01892,Amy Dougherty,Construction,Quantity Surveyor,9
EMP-01893,Stacy Rodriguez,Quality,Planner,19
EMP-01894,Manuel Diaz,Project Management,Project Manager,24
EMP-01895,Justin Jones,Engineering,Planner,17
EMP-01896,Christine Zavala,Engineering,Quality Engineer,8
EMP-01897,Brian Mendoza,Supply Chain,Project Manager,12
EMP-01898,Lauren Haley,Quality,Supervisor,7
EMP-01899,Patrick Perez,Quality,Engineer,3
EMP-01900,Derek Frazier,Supply Chain,Quality Engineer,12
EMP-01901,Arthur Reed,Quality,Planner,9
EMP-01902,Mr. Bryan Mckinney,Engineering,Procurement Specialist,25
EMP-01903,Kim Carter,Engineering,Procurement Specialist,17
EMP-01904,Rebecca Dougherty,Supply Chain,Procurement Specialist,29
EMP-01905,Teresa Jones,Engineering,Data Analyst,29
EMP-01906,Judith Miller,Engineering,Project Manager,23
EMP-01907,Donna Frye,Project Management,Quantity Surveyor,30
EMP-01908,Donald Terry,Engineering,Quality Engineer,16
EMP-01909,Shaun Meyer DDS,Procurement,Procurement Specialist,16
EMP-01910,Wayne Weaver,Project Management,Planner,13
EMP-01911,Gregory Wallace,Supply Chain,Project Manager,26
EMP-01912,Dorothy Brown,Engineering,Data Analyst,17
EMP-01913,Crystal Meza,Finance,Manager,7
EMP-01914,Jennifer Cooper,Project Management,Quality Engineer,19
EMP-01915,Erin Watkins,IT,Quantity Surveyor,1
EMP-01916,Sarah Wallace,Project Management,Planner,8
EMP-01917,Carlos Clarke,IT,Project Manager,27
EMP-01918,David Washington,Procurement,Project Manager,9
EMP-01919,Patricia Williams,Procurement,Planner,10
EMP-01920,Jesus Jackson,Quality,Quantity Surveyor,1
EMP-01921,Michelle Mitchell,Project Management,Project Manager,6
EMP-01922,Sara Schwartz,Project Management,Procurement Specialist,17
EMP-01923,Brittany Young,Finance,Procurement Specialist,15
EMP-01924,Eugene Martinez,Quality,Procurement Specialist,7
EMP-01925,Cody Hart,Engineering,Engineer,15
EMP-01926,Evan Cooper,IT,Planner,4
EMP-01927,Joshua Martin,Construction,Project Manager,6
EMP-01928,Thomas Sullivan,Procurement,Supervisor,30
EMP-01929,Mr. Jimmy Flores Jr.,Quality,Data Analyst,20
EMP-01930,Vanessa Rivera,Quality,Quantity Surveyor,30
EMP-01931,Kara Roberts,Construction,Engineer,12
EMP-01932,Veronica Berry,IT,Planner,7
EMP-01933,Keith Meadows,Supply Chain,Data Analyst,17
EMP-01934,Michael Dennis,Engineering,Project Manager,12
EMP-01935,Brenda Pierce,Engineering,Manager,10
EMP-01936,James Randall,Procurement,Planner,30
EMP-01937,Brandon Brown,Engineering,Planner,21
EMP-01938,Lauren Walker,Construction,Procurement Specialist,30
EMP-01939,Diana Johnson,Quality,Engineer,13
EMP-01940,Jill Powers,IT,Planner,18
EMP-01941,Jorge Lee,Quality,Quality Engineer,27
EMP-01942,Larry Harding,Procurement,Quantity Surveyor,17
EMP-01943,Heather Hernandez,Procurement,Quality Engineer,4
EMP-01944,Jaclyn Watson,Engineering,Procurement Specialist,5
EMP-01945,Gregory Madden,Supply Chain,Procurement Specialist,8
EMP-01946,Anita Luna,Supply Chain,Supervisor,2
EMP-01947,Willie Lara,Finance,Quality Engineer,24
EMP-01948,Robert Waller,IT,Quantity Surveyor,1
EMP-01949,Steven Taylor,Supply Chain,Project Manager,4
EMP-01950,Angelica Clark,Construction,Data Analyst,2
EMP-01951,Sean Hatfield,Procurement,Data Analyst,8
EMP-01952,Tyler Avila,Construction,Planner,18
EMP-01953,Jason Rocha,Engineering,Planner,11
EMP-01954,Justin Page,Construction,Quantity Surveyor,18
EMP-01955,Breanna Lopez,Quality,Project Manager,28
EMP-01956,Julian Williams,Quality,Quality Engineer,27
EMP-01957,Sandra Torres,IT,Quality Engineer,24
EMP-01958,Julie Johnson,Engineering,Quality Engineer,10
EMP-01959,Dennis Blanchard,Construction,Engineer,28
EMP-01960,Kaitlyn Valdez,Procurement,Data Analyst,1
EMP-01961,Jennifer Vasquez,Procurement,Manager,26
EMP-01962,Danielle Wilson,Procurement,Project Manager,25
EMP-01963,Zachary Jones,IT,Project Manager,20
EMP-01964,Lauren Cunningham,Finance,Quality Engineer,13
EMP-01965,Lori Alvarez,Procurement,Procurement Specialist,17
EMP-01966,Barbara Hunt,Supply Chain,Engineer,29
EMP-01967,Sarah Martin,Construction,Supervisor,28
EMP-01968,Francisco Johns,Procurement,Engineer,24
EMP-01969,Christopher Nelson,Procurement,Project Manager,15
EMP-01970,Thomas Kelly,IT,Supervisor,16
EMP-01971,Joseph Mayer,Procurement,Planner,21
EMP-01972,Pamela White,Procurement,Quantity Surveyor,1
EMP-01973,Paul Stephens,Finance,Procurement Specialist,21
EMP-01974,Samantha Cohen,IT,Project Manager,24
EMP-01975,Michael Barker,Construction,Manager,28
EMP-01976,Kevin Morrow,Project Management,Quality Engineer,18
EMP-01977,Joseph Watson,Project Management,Procurement Specialist,28
EMP-01978,Mr. Thomas Garcia,Quality,Planner,10
EMP-01979,Daniel Lopez,Supply Chain,Procurement Specialist,5
EMP-01980,Lisa Guerra,Quality,Manager,6
EMP-01981,Kim Arnold,Finance,Quantity Surveyor,6
EMP-01982,Ashley Stevens,Construction,Procurement Specialist,4
EMP-01983,Robert Mclean,Finance,Manager,29
EMP-01984,Eric Cox,Quality,Planner,25
EMP-01985,Stacy Harper,Procurement,Data Analyst,21
EMP-01986,Gloria Mckinney,Construction,Project Manager,22
EMP-01987,Robert Walker,Quality,Supervisor,6
EMP-01988,Brenda Perez,Quality,Supervisor,9
EMP-01989,Carlos Miller,Construction,Engineer,22
EMP-01990,Rachel Jones,Quality,Project Manager,2
EMP-01991,Nicole Williams,Construction,Procurement Specialist,15
EMP-01992,Ricky Palmer,Project Management,Manager,17
EMP-01993,Bryan King,IT,Project Manager,7
EMP-01994,Michael Webster,Quality,Data Analyst,24
EMP-01995,Tamara Harris,IT,Supervisor,5
EMP-01996,Cathy Bell,Finance,Manager,17
EMP-01997,Ryan Mcmahon,Supply Chain,Data Analyst,2
EMP-01998,Hannah Martin,Engineering,Supervisor,20
EMP-01999,Monica Allen,Procurement,Project Manager,26
EMP-02000,Annette Lane,IT,Quality Engineer,3
